Profile Pic,Nums/Length Username,Full Name Words,Bio Length,External Url,Private,Verified,Business,#Posts,#Followers,#Following,Fake
1,0,2,42,1,0,0,0,102,678,405,0
1,0.067,2,0,0,0,0,0,58,334,434,0
1,0,0,0,0,0,0,0,44,539,364,0
1,0,2,14,0,0,0,0,188,3098,286,0
1,0,2,0,0,0,0,1,496,1079,1979,0
1,0,2,0,0,0,0,0,139,4823,1245,0
1,0,2,119,1,0,1,0,17929,2829981,3,0
1,0.308,2,143,1,0,0,1,59,388,403,0
1,0,2,22,1,0,0,0,1080,758,755,0
1,0,2,82,1,0,1,0,3059,52072642,1137,0
1,0.077,2,148,1,0,1,0,1646,4486001,1128,0
1,0,2,0,1,0,1,0,2777,207274684,440,0
1,0,2,59,1,0,1,0,993,36622051,373,0
1,0,3,82,1,0,1,1,8544,37929360,57,0
1,0,1,47,0,0,0,1,99,1091,3083,0
1,0,2,0,1,0,1,0,45,26597550,112,0
1,0,2,0,1,0,1,0,260,5763212,329,0
1,0,3,96,1,0,0,0,33,225723,3,0
1,0,2,32,1,0,0,1,233,904,830,0
1,0,2,0,0,0,0,0,143,1024,977,0
1,0,1,28,0,0,0,0,65,652,730,0
1,0,1,0,0,0,0,0,186,309,441,0
1,0,3,0,0,0,0,0,9,484,746,0
1,0,1,140,0,0,0,1,119,222202,496,0
1,0,2,116,1,0,0,1,445,221840,2,0
1,0.375,2,0,0,0,0,0,7,464,666,0
1,0,3,59,1,0,0,1,2319,287082,6,0
1,0,1,56,0,0,0,1,44,1043,597,0
1,0,2,58,0,0,0,1,4,114,171,0
1,0,2,18,1,0,1,1,543,1824784,345,0
1,0,2,65,0,0,0,1,175,830,769,0
1,0,2,0,0,0,0,1,80,440,397,0
1,0,2,146,1,0,0,1,750,2060,3296,0
1,0.2,2,0,0,0,0,0,7,104,199,0
1,0,2,90,1,0,0,0,136,746,765,0
1,0,2,0,0,0,0,0,130,860,716,0
1,0,2,94,0,0,0,0,98,1286,660,0
1,0,0,0,0,0,0,0,14,528,1193,0
1,0,2,141,0,0,0,0,59,535,649,0
1,0,2,11,0,0,0,1,63,623,527,0
1,0,2,23,1,0,1,0,27,30491886,329,0
1,0,2,0,0,0,0,1,22,332,719,0
1,0,2,47,0,0,0,1,702,1474,579,0
1,0,2,31,1,0,0,1,60,338,75,0
1,0,2,42,0,0,0,1,359,1586,829,0
1,0,4,90,1,0,0,1,871,28964,247,0
1,0.3,2,0,0,0,0,1,300,1050,510,0
1,0,2,6,0,0,0,0,38,1294,347,0
1,0,2,17,0,0,0,1,16,857,410,0
1,0,1,58,0,0,0,1,2185,370195,87,0
1,0,1,0,0,0,0,0,495,1885,939,0
1,0,1,149,0,0,0,1,156,226,187,0
1,0,0,46,0,0,0,1,512,58034,717,0
1,0.091,1,14,0,0,0,1,213,33000,296,0
1,0,5,70,1,0,0,1,9,3570,519,0
1,0,1,25,0,0,0,1,84,1118,570,0
1,0,3,146,1,0,0,1,974,5654,3800,0
1,0,3,119,1,0,0,0,2109,7460,1993,0
1,0,3,13,0,0,0,1,1497,874,379,0
1,0,1,135,0,0,0,1,70,285,638,0
1,0,1,51,0,0,0,1,66,2370,1789,0
1,0,1,34,1,0,0,0,67,700,1335,0
1,0,1,81,0,0,0,1,242,153,241,0
1,0,2,92,1,0,0,0,684,13822,1691,0
1,0,2,127,1,0,0,1,134,127349,528,0
1,0,0,0,0,0,0,0,168,937,762,0
1,0,3,104,1,0,0,0,29,13668,24,0
1,0,3,97,0,0,0,1,1383,84528,398,0
1,0,3,43,0,0,1,0,1197,1629957,720,0
1,0,1,140,0,0,0,1,706,5439,792,0
1,0,2,34,0,0,0,0,725,16445,1154,0
1,0,2,142,1,0,1,1,1621,15100,1145,0
1,0,4,94,1,0,0,1,535,654,343,0
1,0,2,91,1,0,0,1,240,848,640,0
1,0,2,132,1,0,1,0,233,359990,660,0
1,0,1,105,1,0,1,1,984,95604,286,0
1,0,1,29,1,0,1,1,1449,590960,1,0
1,0,3,111,1,0,0,0,1140,84399,226,0
1,0,2,37,0,0,0,1,276,112851,583,0
1,0,6,84,1,0,0,1,236,2137,633,0
1,0,5,142,1,0,0,1,4317,643195,564,0
1,0,3,143,0,0,0,1,1410,19363,3312,0
1,0,2,41,0,0,1,1,640,188539,377,0
1,0,2,62,0,0,0,1,1301,7320,2591,0
1,0,2,47,0,0,0,0,9,1422,1956,0
1,0,2,31,1,0,0,0,288,19772,993,0
1,0,2,74,1,0,0,0,2221,26399,974,0
1,0,2,150,1,0,0,1,206,6401,5857,0
1,0,2,0,1,0,1,1,126,192095,1,0
1,0,2,0,1,0,1,1,1074,199605,0,0
1,0,2,0,1,0,1,1,1152,445397,0,0
1,0.167,2,60,1,0,1,0,1637,1176604,847,0
1,0,5,147,0,0,0,1,287,7275,5779,0
1,0,2,0,0,0,0,0,159,537,369,0
1,0,1,29,0,0,0,1,76,2031,948,0
1,0,2,117,1,0,0,0,490,50894,315,0
1,0,2,105,0,0,0,1,354,10797,1068,0
1,0,2,136,1,0,0,1,227,19703,2523,0
1,0,2,148,1,0,0,0,1319,28179,3295,0
1,0,3,32,0,0,0,1,210,39506,904,0
1,0,1,145,1,0,0,1,925,40925,3403,0
1,0,3,107,1,0,0,0,372,21054,925,0
1,0,2,45,0,0,0,0,1626,251653,444,0
1,0,1,28,1,0,0,0,188,129327,564,0
1,0,2,42,1,0,1,1,6585,7497761,108,0
1,0,1,54,0,0,0,1,350,1189,1123,0
1,0,1,0,0,0,0,1,664,63434,6246,0
1,0,2,81,0,0,0,0,59,4554,0,0
1,0,2,57,1,0,0,1,17,1141,205,0
1,0,1,18,0,0,0,0,23,133,473,0
1,0,4,128,1,0,0,0,1595,46887,187,0
1,0,3,133,1,0,1,1,5733,155956,3462,0
1,0.111,2,0,1,0,1,1,6597,278906,1399,0
1,0,1,137,1,0,0,1,742,5663,3814,0
1,0,1,61,1,0,0,1,235,113848,27,0
1,0,2,15,1,0,0,1,181,1374,612,0
1,0.25,1,43,0,0,0,0,31,499,458,0
1,0,0,2,0,0,1,1,17,299846,635,0
1,0,2,31,0,0,0,1,285,30720,1414,0
1,0,2,40,0,0,1,0,74,344349,535,0
1,0,1,7,0,0,0,1,115,359,230,0
1,0,2,110,1,0,0,0,2237,8120,255,0
1,0,2,53,0,0,0,1,665,4080,615,0
1,0,2,116,0,0,0,0,100,1188,465,0
1,0,2,134,0,0,0,0,365,47452,599,0
1,0,3,113,1,0,1,0,4427,61413,914,0
1,0,2,80,0,0,0,1,171,1037,951,0
1,0,1,104,0,0,0,1,538,3287,410,0
1,0,3,149,1,0,0,1,461,7944,1038,0
1,0,2,74,1,0,0,1,606,46062,2921,0
1,0,3,120,1,0,0,0,548,19305,2141,0
1,0,2,145,0,0,0,1,216,1704,526,0
1,0,3,12,0,0,0,0,125,1471,1006,0
1,0,2,146,0,0,0,1,1138,14349,1876,0
1,0,4,134,1,0,0,1,1618,60732,69,0
1,0,2,68,1,0,0,1,139,17084,2879,0
1,0,2,44,0,0,0,1,249,9681,728,0
1,0,2,122,1,0,0,0,5629,676112,10,0
1,0,1,24,1,0,0,1,114,3387,993,0
1,0,2,129,1,0,0,1,83,2352,1430,0
1,0,3,118,0,0,0,1,36,1173,1449,0
1,0,2,113,1,0,0,1,156,12439,791,0
1,0,2,48,0,0,0,0,15,51,6,0
1,0,3,67,0,0,0,1,1236,3539,881,0
1,0,3,48,0,0,0,1,90,3447,675,0
1,0,1,89,1,0,0,0,1718,82988,1372,0
1,0,3,123,1,0,0,1,888,30699,239,0
1,0,1,0,0,0,0,0,1692,6124,1452,0
1,0,2,22,0,0,0,1,9,1702,879,0
1,0,1,118,0,0,1,0,354,618308,866,0
1,0,3,112,1,0,0,0,353,12352,495,0
1,0,3,96,1,0,0,0,429,124952,273,0
1,0,2,34,1,0,0,0,219,1014,846,0
1,0,4,134,1,0,0,1,180,82739,576,0
1,0,2,80,1,0,0,0,1061,672308,138,0
1,0.429,3,21,1,0,0,1,194,21900,499,0
1,0,3,78,1,0,0,0,2039,19565,2283,0
1,0,2,140,1,0,1,0,1040,3310695,251,0
1,0,2,115,1,0,1,0,2344,3962636,205,0
1,0,2,36,1,0,1,1,399,16962068,401,0
1,0.1,2,147,1,0,0,0,2430,29375,1490,0
1,0,2,0,0,0,0,0,10,669,296,0
1,0,4,111,1,0,1,0,611,966719,2233,0
1,0,2,117,1,0,0,0,310,156123,286,0
1,0,3,71,0,0,0,1,107,21595,79,0
1,0,2,68,1,0,0,0,41,706305,554,0
1,0,2,123,1,0,1,0,2575,1758235,262,0
1,0,1,0,0,0,0,0,60,269,111,0
1,0,2,26,1,0,1,0,5238,129898680,376,0
1,0,1,26,0,0,0,1,7,1294,992,0
1,0,2,131,1,0,1,0,1121,2439411,1849,0
1,0,2,90,1,0,1,0,172,1641401,149,0
1,0,4,90,1,0,1,0,2844,2307159,174,0
1,0,3,123,1,0,0,0,194,38936,540,0
1,0,2,93,0,0,1,0,360,139666,1954,0
1,0,1,111,1,0,0,0,56,673210,717,0
1,0,1,116,1,0,1,0,206,1935205,97,0
1,0,1,75,0,0,0,1,1,642,539,0
1,0,1,61,0,0,0,0,8,1119,945,0
1,0,5,150,0,0,0,0,2435,43460,7438,0
1,0,1,27,1,0,1,1,25,2300420,405,0
1,0,2,141,0,0,1,0,241,215375,1778,0
1,0,2,90,0,0,0,1,536,172218,993,0
1,0,2,63,1,0,1,1,1354,2078442,190,0
1,0,3,42,1,0,0,1,11,1361,570,0
1,0,2,77,0,0,0,0,759,146977,124,0
1,0,2,125,1,0,1,1,1286,1251352,0,0
1,0,4,115,1,0,0,1,8104,466908,5812,0
1,0,2,118,0,0,0,1,238,81226,137,0
1,0.231,1,147,0,0,0,1,1542,98669,211,0
1,0,6,38,0,0,0,1,203,325940,378,0
1,0.2,1,11,0,0,0,0,1,102,269,0
1,0,3,66,1,0,1,0,125,1449279,178,0
1,0,2,52,0,0,1,0,163,410099,145,0
1,0,2,119,1,0,1,0,260,9643333,1469,0
1,0,2,136,1,0,1,1,60,600097,992,0
1,0,2,125,1,0,0,1,3228,459517,1,0
1,0,3,146,1,0,0,1,20,1319,397,0
1,0,2,69,1,0,1,1,40,207462,331,0
1,0,2,124,1,0,0,0,35,258099,168,0
1,0,1,29,0,0,1,0,86,1387401,209,0
1,0,2,105,1,0,0,0,316,418230,297,0
1,0,1,28,1,0,1,1,5553,23161521,6,0
1,0,2,88,1,0,1,0,258,40459579,966,0
1,0,3,48,1,0,1,1,4198,37674603,5,0
1,0,1,0,1,0,1,1,6743,39909522,206,0
1,0,2,139,0,0,0,0,185,119657,646,0
1,0,2,45,0,0,1,0,93,536357,579,0
1,0,4,126,1,0,1,1,529,1279504,704,0
1,0,1,93,0,0,0,0,2215,305596,321,0
1,0,0,9,1,0,1,0,0,1130515,0,0
1,0,3,122,0,0,0,0,8,324,256,0
1,0,2,142,1,0,0,1,134,35852,425,0
1,0,2,108,1,0,0,0,250,77158,668,0
1,0,1,80,0,0,0,0,6,174,87,0
1,0,3,133,0,0,1,1,27,217883,314,0
1,0,2,60,1,0,0,0,43,171216,87,0
1,0.4,1,93,1,0,0,1,7,1228,6100,0
1,0,1,0,0,0,0,1,15,765,969,0
1,0,2,108,0,0,0,0,60,492449,307,0
1,0.111,1,63,0,0,1,1,2642,226902,82,0
1,0,0,72,0,0,0,0,76,1241,376,0
1,0,1,115,0,0,0,0,5,250,32,0
1,0,2,63,1,0,1,0,60,210352,449,0
1,0,1,127,0,0,0,1,15,642,238,0
1,0,1,73,0,0,0,0,7,441,40,0
1,0,2,148,1,0,1,1,4686,1633507,335,0
1,0,2,71,1,0,0,1,2140,10697,1218,0
1,0,3,36,1,0,1,1,3426,726061,1,0
1,0,2,137,1,0,1,0,431,224066,10,0
1,0,1,110,1,0,0,0,127,299736,365,0
1,0,2,116,1,0,0,1,680,17715,1,0
1,0,2,130,1,0,1,1,119,984001,50,0
1,0,2,77,1,0,1,0,160,230347,27,0
1,0,1,25,1,0,1,1,140,9647899,369,0
1,0,1,70,1,0,0,0,372,229138,344,0
1,0,1,36,1,0,1,1,1678,563606,320,0
1,0,2,25,1,0,0,1,298,15764,4043,0
1,0,1,76,1,0,0,1,28,233450,128,0
1,0,1,36,1,0,0,1,12,1687044,66,0
1,0,1,46,0,0,1,0,85,848141,286,0
1,0.062,2,143,1,0,0,0,92,411505,296,0
1,0.143,2,66,1,0,0,1,161,110904,289,0
1,0,2,75,1,0,1,0,139,4822005,36,0
1,0,2,43,0,0,0,0,200,369707,390,0
1,0,1,75,1,0,1,0,207,707792,74,0
1,0,2,132,1,0,0,0,177,115087,119,0
1,0,0,68,0,0,0,1,377,187967,0,0
1,0,4,108,1,0,0,1,349,296804,153,0
1,0,1,91,1,0,0,0,284,370211,187,0
1,0,1,118,1,0,0,1,80,5561,200,0
1,0,5,146,1,0,0,1,808,46760,447,0
1,0,1,13,1,0,1,0,177,4565602,1,0
1,0,2,71,1,0,1,0,1494,7639371,368,0
1,0,1,13,1,0,1,1,7019,3765806,0,0
1,0,2,0,0,0,0,0,239,33271,310,0
1,0.091,4,122,1,0,0,0,75,97172,281,0
1,0,1,76,1,1,0,0,678,680471,486,0
1,0,0,130,0,0,0,0,158,198076,319,0
1,0,3,140,0,0,0,0,69,210859,95,0
1,0.143,1,91,1,0,0,0,155,180157,328,0
1,0,2,22,1,0,1,0,354,143010,125,0
1,0,1,61,1,0,0,0,207,269897,175,0
1,0,1,86,1,0,0,1,249,237220,112,0
1,0,2,108,1,0,0,0,7,29941,628,0
1,0,1,18,0,0,0,1,29,31881,48,0
1,0,1,146,1,1,0,0,711,337506,747,0
1,0.083,4,75,1,0,0,0,754,232740,477,0
1,0.111,1,104,1,0,0,1,191,248382,355,0
1,0,2,115,1,0,0,0,348,592933,402,0
1,0,6,110,0,0,0,1,457,82528,343,0
1,0,0,99,0,0,0,0,2577,83255,482,0
1,0,2,129,1,0,0,0,103,198108,306,0
1,0.125,1,34,1,0,0,0,76,260554,187,0
1,0,4,136,1,0,0,0,403,203743,34,0
1,0,2,35,1,0,0,0,36,202594,88,0
1,0.071,1,41,0,0,0,1,24,15419,218,0
1,0,4,20,0,0,0,0,96,64365,139,0
1,0,1,90,1,0,0,1,608,3297268,222,0
1,0.056,2,41,0,0,0,0,5564,782599,119,0
1,0,1,139,1,0,0,0,442,346955,469,0
1,0,2,70,1,0,0,0,223,53579,634,0
1,0.1,1,77,1,0,0,0,40,107960,262,0
1,0,1,17,1,0,0,0,275,52786,573,0
1,0,4,60,0,0,0,1,1079,178015,230,0
1,0.1,1,32,1,0,0,0,519,432670,376,0
1,0,1,144,1,0,0,0,247,224260,122,0
1,0,2,124,1,0,1,1,71,406570,0,0
1,0,3,150,1,0,0,1,2039,29363,2,0
1,0,1,68,1,0,1,1,1402,716288,213,0
1,0,3,61,1,0,1,0,94,1471161,126,0
1,0,4,77,1,0,0,1,1141,21611,1090,0
1,0,1,84,1,0,0,0,46,68718,1,0
1,0,2,34,1,0,1,1,85,466137,47,0
1,0,2,54,1,0,1,1,312,1558283,337,0
1,0,2,13,1,0,0,1,695,2751091,938,0
1,0,1,48,1,0,1,0,3891,756600,260,0
1,0,3,54,0,0,0,1,283,72892,1080,0
1,0,2,0,0,0,0,0,27,17026,38,0
1,0,2,124,1,0,0,0,122,18902,4,0
1,0,3,37,1,0,1,0,146,496492,127,0
1,0,3,128,1,0,0,1,336,11380,32,0
1,0,0,52,0,0,0,0,121,26576,115,0
1,0,2,32,1,0,0,1,138,12867,20,0
1,0,2,49,0,0,0,1,2090,122294,500,0
1,0.077,4,148,0,0,0,1,221,14125,2,0
1,0,1,44,1,0,0,1,621,27917,566,0
1,0,2,34,1,0,0,1,1529,51178,967,0
1,0,1,85,1,0,0,0,1614,90222,423,0
1,0,2,27,1,0,0,1,752,66572,852,0
1,0.267,2,124,1,0,0,0,402,77631,1130,0
1,0,2,60,1,0,1,0,1221,1308972,111,0
1,0,3,0,0,0,0,1,17,478,465,0
1,0,0,0,0,1,0,0,65,2809,782,0
1,0,2,0,0,1,0,0,243,3552,2222,0
1,0.182,2,144,0,0,1,0,1825,155689,462,0
1,0.1,2,97,0,0,1,0,52,31008,350,0
1,0,2,106,1,0,1,1,1179,882771,493,0
1,0,2,16,0,1,0,0,4,953,680,0
1,0,1,38,0,1,0,0,715,1165,1063,0
1,0,2,30,0,1,0,0,158,905,459,0
1,0,2,5,0,1,0,0,10,1971,534,0
1,0,6,111,0,0,0,1,256,42066,1565,0
1,0,1,7,1,0,0,1,467,2022,793,0
1,0,1,15,0,1,0,0,279,1235,947,0
1,0,2,0,0,0,1,0,293,282788,1061,0
1,0,2,87,1,0,1,0,51,173149,76,0
1,0,2,92,1,0,1,1,4390,1483531,80,0
1,0,2,63,1,0,1,1,2075,3361296,307,0
1,0.083,2,0,0,1,0,0,16,488,348,0
1,0,2,0,0,1,0,0,125,964,469,0
1,0,2,88,0,0,0,1,173,1737,995,0
1,0,1,0,0,0,0,1,102,451,413,0
1,0,1,1,0,0,0,0,44,746,822,0
1,0,2,16,0,0,0,1,235,2023,618,0
1,0,2,0,0,1,0,0,49,693,566,0
1,0,1,5,0,0,0,1,21,681,484,0
1,0,3,67,1,0,1,1,12560,37207866,81,0
1,0,3,31,0,0,1,0,519,298188,325,0
1,0.083,4,127,1,0,1,0,584,65210,156,0
1,0.143,2,105,1,0,1,1,845,36884,1797,0
1,0,3,0,0,0,1,0,29,391445,960,0
1,0,2,88,1,0,1,1,3541,7873243,341,0
1,0,2,38,1,0,1,0,657,2762095,580,0
1,0,2,145,1,0,1,0,781,14688383,0,0
1,0,2,59,0,0,0,0,391,1377,863,0
1,0,4,0,0,0,1,0,444,45832209,45,0
1,0,4,93,1,0,1,0,559,970559,2060,0
1,0,1,71,1,0,1,1,4824,799679,239,0
1,0.182,4,70,1,0,1,0,900,54356,147,0
1,0,2,3,1,0,1,1,1434,4613724,549,0
1,0.05,4,0,0,0,1,0,169,244660,261,0
1,0,3,12,1,0,1,1,2857,1754485,67,0
1,0,1,39,0,0,1,1,820,109764,161,0
1,0.286,2,97,0,0,1,1,1621,378474,375,0
1,0,3,94,1,0,1,1,6886,683681,410,0
1,0,2,12,0,0,1,1,390,3848779,384,0
1,0,5,75,1,0,1,1,4115,1281759,349,0
1,0,4,23,0,0,0,0,10,37,35,0
1,0.182,2,63,0,0,0,0,9,787,949,0
1,0,2,31,0,1,0,0,13,837,872,0
1,0.286,2,30,0,0,0,0,2,1509,683,0
1,0,1,17,0,0,0,0,26,1941,771,0
1,0,5,133,1,0,0,0,149,4985,1032,0
1,0,3,27,1,0,0,1,136,674,747,0
1,0,1,5,0,0,0,1,9,8856,1066,0
1,0,0,5,0,0,0,0,0,469,354,0
1,0,0,10,0,0,0,0,1,314,269,0
1,0,0,23,0,0,0,0,1,1140,1236,0
1,0,2,137,1,0,1,0,2738,934619,2153,0
1,0,1,113,1,0,1,0,517,1224041,794,0
0,0,0,0,0,0,1,1,0,50044,256,0
1,0.2,2,146,0,0,1,0,103,435618,783,0
1,0,1,79,0,0,1,0,1935,1105568,543,0
1,0,3,148,1,0,1,1,15189,16232745,728,0
1,0,2,110,1,0,1,1,2844,1091449,762,0
1,0,2,110,0,0,1,0,1312,1448840,703,0
1,0,1,31,1,1,0,0,89,1034,876,0
1,0,1,0,0,1,0,0,163,3267,636,0
1,0,2,13,0,1,0,0,40,951,454,0
1,0,1,0,0,1,0,0,52,775,401,0
1,0,2,12,1,0,1,0,390,2903831,391,0
1,0,2,26,1,0,1,0,243,5427847,100,0
1,0,2,103,1,0,1,0,5404,6287397,484,0
1,0,2,0,0,0,1,0,1116,600358,16,0
1,0,3,0,0,0,0,0,47,7685,2217,0
1,0,3,49,0,0,0,0,37,706,308,0
1,0,2,29,0,1,0,0,3,545,434,0
1,0,2,81,1,0,1,0,479,860378,234,0
1,0.5,2,76,1,0,1,1,8762,9034441,53,0
1,0,1,0,1,0,1,0,4948,64089784,2174,0
1,0,2,44,1,0,0,0,69,640,617,0
1,0,1,63,1,0,0,1,2276,193564,989,0
1,0,4,64,0,1,0,0,84,412,668,0
1,0,2,128,0,0,0,1,153,2133,1686,0
1,0,1,17,0,0,0,0,57,680,627,0
1,0,3,148,0,1,0,0,2755,1826028,557,0
1,0,1,39,0,1,0,0,178,1785,945,0
1,0,2,2,0,1,0,0,25,1936,1475,0
1,0,2,0,0,0,1,0,1982,61400037,329,0
1,0,2,91,1,0,1,1,28121,12349995,574,0
1,0,1,124,1,0,1,1,29969,16175149,278,0
1,0,2,129,1,0,1,1,766,6811341,82,0
1,0,2,99,1,0,0,0,35,92322,34,0
1,0,2,3,0,1,0,0,151,726,485,0
1,0,2,99,1,0,0,1,8,90107,27,0
1,0,2,0,0,1,0,0,77,523,362,0
1,0,2,0,0,1,0,0,4,336,297,0
1,0,2,43,0,1,0,0,121,740,514,0
1,0,1,39,0,1,0,0,196,681,687,0
1,0,1,105,1,0,0,1,170,1331,879,0
1,0,2,111,1,0,0,1,37,785,702,0
1,0,1,37,1,0,1,1,2758,16285128,1306,0
1,0,5,84,0,0,1,0,2771,4250891,365,0
1,0,2,17,0,1,0,0,195,892,974,0
1,0,1,0,0,1,0,0,74,290,293,0
1,0,1,0,0,1,0,0,48,1686,1083,0
1,0,2,111,0,0,0,0,637,139727,535,0
1,0,2,0,0,0,0,0,20,651,941,0
1,0,2,27,0,1,0,0,58,1181,469,0
1,0.077,2,40,0,0,0,1,118,3516,1020,0
1,0,2,0,1,0,1,0,870,6936911,1126,0
1,0,1,22,1,0,1,1,1877,103488,156,0
1,0,2,0,0,1,0,0,41,306,402,0
1,0,1,52,0,1,0,0,226,1739,718,0
1,0,2,6,0,1,0,0,1,203,231,0
1,0.091,1,27,0,1,0,0,14,90,72,0
0,0,2,35,0,0,0,1,27,1316,909,0
1,0,4,105,1,0,1,0,801,599879,455,0
1,0,2,24,0,0,1,0,1298,36670304,840,0
1,0.167,2,116,0,0,0,0,103,320,265,0
1,0,2,26,0,1,0,0,5,202,355,0
1,0,1,71,0,1,0,0,105,4475,2068,0
1,0,1,67,0,0,0,1,76,9239,2160,0
1,0,2,31,1,0,1,0,260,1808431,29,0
1,0,2,0,0,1,0,0,143,1334,770,0
1,0,3,32,0,1,0,0,78,1586,799,0
1,0,2,35,0,0,0,1,333,3467,636,0
1,0,2,12,0,0,0,1,304,6643,1295,0
1,0,2,0,0,1,0,0,60,474,409,0
1,0,1,0,0,0,0,0,138,176,272,0
1,0,1,0,0,0,0,1,70,1754,397,0
1,0,1,47,0,1,0,0,150,721,503,0
1,0,2,41,1,0,0,0,2,1102,1222,0
1,0,1,114,1,0,0,1,88,60754,119,0
1,0,2,123,0,0,0,1,47,189,68,0
1,0,2,0,0,1,0,0,302,989,918,0
1,0.105,2,15,0,0,0,0,10,1137,201,0
1,0,2,31,0,0,0,1,155,846,801,0
1,0,2,0,0,1,0,0,3,171,230,0
1,0,1,4,0,1,0,0,498,1067,833,0
1,0,1,67,0,0,0,1,4,405,603,0
1,0,1,33,1,0,0,1,510,66016,42,0
1,0,2,12,0,1,0,0,245,790,480,0
1,0,2,100,0,1,0,0,143,563,570,0
1,0.143,2,70,0,0,0,1,147,1522,1586,0
1,0,2,29,0,1,0,0,33,555,451,0
1,0,4,14,1,0,0,1,15,511,248,0
1,0,2,5,0,1,0,0,12,3266,606,0
1,0,2,0,0,1,0,0,14,2521,876,0
1,0,2,36,0,1,0,0,78,998,439,0
1,0,3,142,0,0,0,0,79,1057,348,0
1,0.2,2,138,1,0,0,0,198,1263,846,0
1,0,2,13,0,0,0,1,69,1034,992,0
1,0,3,71,1,0,1,1,37847,5327634,1763,0
1,0,2,126,0,0,1,0,58,4903445,205,0
1,0,0,0,0,0,0,0,20,1237,552,0
1,0,2,139,1,0,1,0,55,101898,125,0
1,0,2,0,1,0,1,0,1062,1492958,501,0
1,0,1,0,0,1,0,0,74,1103,654,0
1,0,2,34,1,0,1,0,156,3364516,75,0
1,0.143,2,15,1,0,1,0,927,16325642,144,0
1,0,2,0,0,0,0,0,14,1350,388,0
1,0,2,11,0,1,0,0,174,1026,858,0
1,0,2,0,0,0,0,1,19,878,534,0
1,0,2,0,0,1,0,0,84,3636,394,0
1,0,2,34,0,0,0,0,17,533,613,0
1,0,2,0,0,0,0,0,42,1102,387,0
1,0,2,5,0,1,0,0,95,1388,1357,0
1,0,2,49,1,0,1,1,1326,25620133,67,0
1,0,3,0,0,0,0,0,56,626,413,0
1,0.095,2,0,0,0,0,0,13,469,563,0
1,0,2,9,0,0,0,1,16,454,494,0
1,0,2,5,0,1,0,0,70,648,595,0
1,0.25,2,0,0,0,0,1,132,323,516,0
1,0,2,22,0,0,0,1,4,679,977,0
1,0,4,0,0,0,0,0,119,1754,1279,0
1,0,1,26,1,0,0,1,206,1255,2887,0
1,0,5,146,0,0,0,1,32,127,202,0
1,0,2,31,0,0,0,1,14,1038,832,0
1,0,2,94,0,0,0,0,28,284,237,0
1,0,2,40,0,0,0,0,19,698,1253,0
1,0,2,13,0,0,0,1,18,2080,2106,0
1,0,2,34,1,0,1,1,29,9492035,1006,0
1,0,2,10,0,0,0,0,103,1535,1892,0
1,0.083,0,13,0,0,0,0,28,1773,1000,0
1,0.182,2,15,0,0,0,1,16,462,1027,0
1,0,2,119,1,0,0,0,755,259286,170,0
1,0,2,53,0,0,1,1,1959,718174,1076,0
1,0,0,0,0,1,0,0,38,1072,584,0
1,0,1,150,1,0,0,0,2783,46280,23,0
1,0,2,27,0,0,0,0,11,50,531,0
1,0,1,91,0,0,0,1,68,573,615,0
1,0,2,0,1,1,0,0,143,372,443,0
1,0,1,0,0,1,0,0,183,385,446,0
1,0,2,127,1,0,1,0,560,942342,439,0
1,0,2,0,0,1,0,0,79,917,410,0
1,0,1,0,0,1,0,0,30,1389,793,0
1,0,1,38,0,0,0,0,314,2397,844,0
1,0,2,0,0,0,0,1,13,5653,602,0
1,0,1,25,0,1,0,0,10,795,505,0
1,0,2,0,0,0,0,0,10,245,388,0
1,0,2,85,0,1,0,0,52,904,752,0
1,0,3,47,1,1,0,0,113,414,402,0
1,0,2,44,1,0,1,0,1706,13711715,275,0
1,0,2,38,0,1,0,0,173,639,530,0
1,0,2,19,0,1,0,0,104,709,447,0
1,0,1,148,1,0,0,0,222,63737,837,0
1,0.6,2,0,0,0,1,0,459,82917,351,0
1,0,1,59,0,0,0,1,21,951,675,0
1,0,2,100,1,0,0,1,119,1436,512,0
1,0,3,48,1,0,0,0,311,3210,1010,0
1,0,1,101,1,0,1,1,14192,1087876,23,0
1,0,2,68,1,0,0,1,113,3048,524,0
1,0,2,46,1,0,0,1,1551,58293,799,0
1,0,2,11,0,0,0,1,9,326,531,0
1,0,1,2,1,0,0,1,9,3189,999,0
1,0,1,6,0,0,0,0,31,2776,803,0
1,0,1,34,1,0,0,1,136,12788,194,0
1,0,2,18,1,0,0,1,673,2659,913,0
1,0,2,48,0,0,0,0,479,3781,757,0
1,0,4,149,0,0,1,0,975,1450714,1313,0
1,0,2,44,0,0,1,1,2620,442781,436,0
1,0,2,60,0,0,0,0,1473,66598,833,0
1,0,2,22,1,0,0,0,30,1220,1170,0
1,0,4,22,1,0,0,0,9,540,496,0
1,0,1,6,0,0,0,0,0,454,262,0
1,0,1,72,1,0,0,0,1026,492858,180,0
1,0,1,0,0,0,0,0,8,1356,1536,0
1,0,2,66,0,0,0,1,191,156040,649,0
1,0,1,5,0,0,0,0,65,899,691,0
1,0,2,98,0,0,1,1,512,3821244,565,0
1,0,1,6,0,1,0,0,71,1437,437,0
1,0,1,42,0,1,0,0,34,1508,900,0
1,0,2,76,1,0,1,1,12430,4018800,66,0
1,0.25,2,143,0,0,1,0,671,52214,392,0
1,0,2,143,1,0,1,0,301,3759937,478,0
1,0,1,13,0,0,0,1,192,1469,965,0
1,0,2,0,0,1,0,0,110,2760,772,0
1,0,3,91,1,0,0,0,16,132507,37,0
1,0.2,1,18,0,0,0,0,23,738,693,0
1,0,2,72,1,0,0,1,61,4179,1064,0
1,0,1,15,0,0,0,1,1,4743,2136,0
1,0.1,1,11,0,0,0,0,0,676,681,0
1,0,3,56,1,0,0,0,68,1192,925,0
1,0,3,0,1,0,0,1,418,3361,80,0
1,0,3,100,1,0,0,0,2411,40734,2276,0
1,0.222,5,53,0,0,0,1,480,70418,41,0
1,0.143,0,9,0,0,0,0,1,625,293,0
1,0,1,23,0,0,0,1,0,827,888,0
1,0.04,4,140,1,1,0,0,7626,2204903,182,0
1,0,3,3,1,0,1,0,3988,334371,936,0
1,0,0,17,0,0,0,0,39,2608,1373,0
1,0,1,11,0,0,0,0,11,5123,715,0
1,0,1,1,0,0,0,0,0,125,356,0
1,0,2,0,0,1,0,0,62,759,521,0
1,0,2,0,0,0,0,0,13,1911,513,0
1,0,3,101,0,0,0,1,123,1457,910,0
1,0,1,13,0,1,0,0,51,1527,736,0
1,0,2,29,0,0,0,1,194,2009,461,0
1,0,2,0,0,1,0,0,29,567,529,0
1,0,2,135,0,0,0,0,30,177,484,0
1,0,1,10,0,1,0,0,38,701,638,0
1,0,1,4,0,0,0,0,20,399,191,0
1,0,1,43,0,1,0,0,79,2165,837,0
1,0,1,27,0,0,0,0,22011,640941,510,0
1,0,1,24,0,0,0,1,157,6979,364,0
1,0,3,129,1,0,0,1,5090,323761,7403,0
1,0,2,69,1,0,0,1,1896,24920,2308,0
1,0,1,0,0,1,0,0,3921,405272,381,0
1,0,2,25,1,0,0,0,25,1804,996,0
1,0,0,7,0,0,0,1,34,1373,1069,0
1,0,3,148,1,0,0,1,89,4103,958,0
1,0,1,69,1,0,0,1,14,1139,877,0
1,0,1,45,0,0,0,0,2,562,1164,0
1,0,0,6,0,0,0,0,53,9162,385,0
1,0,2,91,0,0,0,1,68,3267,744,0
1,0,2,30,0,0,0,0,63,745,458,0
0,0,1,0,0,0,0,0,57,834,751,0
1,0,1,24,0,0,0,1,84,671,389,0
1,0,2,13,0,0,0,0,37,753,370,0
1,0,1,88,0,1,0,0,152,792,754,0
1,0,3,114,0,0,0,0,105,1176,846,0
1,0,2,77,0,0,0,1,283,4784,2167,0
1,0,1,0,0,0,0,1,19,914,743,0
1,0,2,73,1,0,0,1,61,3832,634,0
1,0,2,147,0,0,0,1,36,2139,613,0
1,0,0,103,0,0,0,1,26,3251,898,0
1,0,2,7,0,0,0,0,39,1703,1029,0
1,0,2,7,0,0,0,1,5,2228,787,0
1,0,3,104,1,0,0,1,26,1801,390,0
1,0.083,2,73,0,0,0,1,21,482,620,0
1,0,2,2,0,0,0,0,38,1153,1712,0
1,0,1,66,1,0,0,1,81,794,753,0
1,0,2,0,0,0,0,0,23,505,1658,0
1,0,0,84,0,0,0,0,162,729,378,0
1,0,1,131,0,0,0,1,335,1384,630,0
1,0,2,144,0,0,0,1,25,1106,960,0
1,0,2,42,1,0,0,0,21,307,327,0
1,0,2,20,0,0,0,1,23,352,336,0
1,0,2,2,0,0,0,0,20,731,362,0
1,0,1,68,0,0,0,1,16,371,681,0
1,0,3,30,0,0,0,1,12,896,602,0
1,0,2,86,0,0,0,1,14,1053,265,0
1,0,2,6,0,0,0,0,9,1432,501,0
1,0,2,96,0,0,0,1,73,879,820,0
1,0,3,27,0,0,0,1,168,1509,839,0
1,0,2,32,0,0,0,0,9,745,625,0
1,0,2,25,0,0,0,1,30,437,573,0
1,0,2,36,0,0,0,1,134,1120,1076,0
1,0,1,47,0,0,0,1,16,893,1209,0
1,0,3,97,0,0,0,0,18,339,187,0
1,0,2,18,0,0,0,1,43,707,540,0
1,0.167,2,14,1,0,0,0,338,783,872,0
1,0,2,42,0,0,0,0,542,1574,905,0
1,0,2,17,0,0,0,0,158,1018,429,0
1,0,1,29,0,0,0,1,14,552,929,0
1,0,3,89,1,0,0,1,39,485,422,0
1,0,1,8,0,0,0,1,50,322,486,0
1,0,2,82,0,0,0,1,123,1604,912,0
1,0,2,104,0,0,0,1,78,444,314,0
1,0,2,0,0,0,0,0,27,882,379,0
1,0,3,43,0,0,0,0,79,119463,356,0
1,0,1,40,0,0,0,0,11,354,769,0
1,0.118,5,136,0,0,0,1,24,961,395,0
1,0.133,1,104,0,0,0,0,33,993,816,0
1,0,2,92,0,0,0,0,22,480,487,0
1,0,2,59,0,0,0,0,20,288,230,0
1,0,2,90,0,0,0,1,32,769,520,0
1,0,2,0,0,0,0,0,14,654,335,0
1,0,2,28,0,0,0,1,30,824,511,0
1,0,1,49,0,0,0,1,46,823,2065,0
1,0,2,18,0,0,0,0,8,720,1445,0
1,0.111,2,77,0,0,1,1,58,428023,505,0
1,0,1,58,1,0,0,1,8,959,1705,0
1,0,2,88,1,0,0,1,42,1258,263,0
1,0,2,32,1,0,0,1,25,1844,690,0
1,0.083,2,79,0,0,0,1,164,1196,548,0
1,0,3,134,0,0,0,1,57,1291,1285,0
1,0,3,12,0,0,0,1,31,2002,841,0
1,0,1,29,0,0,0,1,37,1485,660,0
1,0,1,19,0,0,0,1,10,1603,393,0
1,0,1,61,1,0,0,1,34,1132,774,0
1,0,1,24,0,0,0,1,155,1372,721,0
1,0,2,36,0,0,0,0,622,996,1026,0
1,0,1,48,0,0,0,1,9,671,423,0
1,0,2,15,0,0,0,1,29,705,611,0
1,0.2,2,27,0,0,0,1,23,351,536,0
1,0,3,71,0,0,0,0,17,103,130,0
1,0,2,86,0,0,0,1,249,1628,719,0
1,0,2,9,0,0,0,1,2055,1271,1806,0
1,0,2,8,0,0,0,1,63,1816,274,0
1,0,2,56,0,0,0,1,636,1665,651,0
1,0,0,0,0,0,0,0,64,335,356,0
1,0,2,4,0,0,0,0,21,743,777,0
1,0,1,10,0,0,0,0,510,814,607,0
1,0,2,73,0,0,0,1,50,1238,550,0
1,0,2,27,0,0,0,1,80,524,374,0
1,0,3,136,1,0,0,1,824,1732,4026,0
1,0,2,6,0,0,0,0,63,286,283,0
1,0,1,65,0,0,0,0,35,1040,908,0
1,0.5,3,143,0,0,0,1,166,842,347,0
1,0,1,18,1,0,0,0,113,1159,580,0
1,0.444,4,140,0,0,0,1,1011,548,730,0
1,0,2,44,0,0,0,1,650,654,816,0
1,0,2,1,0,0,0,0,261,1287,1458,0
1,0,2,0,0,0,0,0,17,1773,36,0
1,0,1,24,0,0,0,1,162,1143,383,0
1,0,1,31,1,0,0,0,867,983,422,0
1,0,2,102,0,0,0,0,409,1709,2270,0
1,0,2,34,0,0,0,0,17,256,238,0
1,0,1,64,0,0,0,0,181,1192,767,0
1,0.125,2,62,0,0,0,0,28,418,300,0
1,0,0,0,0,0,0,0,83,586,577,0
1,0,2,150,0,0,0,0,17,232,204,0
1,0.25,2,6,0,0,0,0,58,725,463,0
1,0,2,13,0,0,0,0,15,395,633,0
1,0,2,78,0,0,0,0,340,419,1229,0
1,0,2,0,0,0,0,0,19,481,435,0
1,0,2,0,0,0,0,0,71,762,539,0
1,0,1,133,0,0,0,0,26,537,939,0
1,0,2,1,0,0,0,1,51,526,82,0
1,0,2,8,0,0,0,1,52,616,576,0
1,0,4,81,0,0,0,1,24,874,471,0
1,0,2,145,1,0,0,1,2786,347494,4,0
1,0,2,0,0,0,0,0,21,672,853,0
1,0.077,2,146,0,0,0,1,2098,59364,577,0
1,0,2,59,0,0,0,1,10,824,402,0
1,0,2,149,0,0,0,0,66,539,840,0
1,0.095,2,22,0,0,0,0,46,640,472,0
1,0,0,0,0,1,0,0,2,36,6170,1
0,0,1,0,0,0,0,0,0,9,515,1
1,0,0,0,0,0,0,0,3,90,6166,1
0,0,1,0,0,0,0,0,0,6,531,1
1,0,1,0,0,0,0,0,2,63,4586,1
1,0,1,0,0,0,0,0,3,86,6166,1
1,0.444,1,0,0,0,0,0,1,2,198,1
1,0,0,0,0,0,0,0,5,79,5056,1
0,0,1,0,0,1,0,0,0,20,649,1
1,0,2,0,0,0,0,0,1,38,414,1
1,0,0,0,0,0,0,0,3,87,6188,1
0,0.391,2,0,0,0,0,0,1,32,207,1
1,0,0,0,0,0,0,0,7,85,6196,1
1,0,0,0,0,0,0,0,3,95,3185,1
1,0,1,0,0,0,0,0,2,70,6312,1
1,0,1,0,0,0,0,0,2,66,3133,1
0,0.25,1,0,0,1,0,0,0,0,571,1
1,0,4,65,0,0,0,0,41,508,2877,1
1,0.538,1,5,0,0,0,0,3,312,6914,1
1,0,0,0,0,0,0,0,3,64,3567,1
1,0,1,0,0,0,0,0,3,76,6296,1
1,0,1,0,0,0,0,0,7,3,39,1
1,0.125,0,0,0,0,0,0,5,85,4508,1
1,0,1,0,0,0,0,1,6,52,2422,1
1,0,1,0,0,0,0,0,6,92,6158,1
1,0,1,0,0,0,0,0,4,76,4932,1
1,0,1,0,0,0,0,0,2,77,6376,1
1,0.273,1,0,0,0,0,0,1,56,6905,1
1,0,1,0,0,0,0,0,2,54,4139,1
1,0,1,0,0,0,0,0,5,79,5979,1
0,0.357,1,0,0,0,0,0,0,3,1,1
1,0,1,0,0,0,0,0,1,2,310,1
1,0,2,88,0,0,0,0,99,236,3005,1
1,0,1,0,0,0,0,0,4,64,4458,1
1,0,1,0,0,0,0,0,2,78,6120,1
1,0,0,0,0,1,0,0,2,64,2811,1
1,0,1,0,0,0,0,0,5,85,6016,1
0,0.286,0,0,0,1,0,0,1,15,552,1
1,0.2,2,0,0,0,0,0,24,128,886,1
1,0,0,0,0,0,0,0,2,12,2183,1
1,0.176,2,24,0,0,0,0,10,150,310,1
1,0,1,0,0,0,0,0,3,52,2908,1
1,0.4,2,0,0,0,0,0,0,0,1,1
1,0.111,0,0,0,0,0,0,4,81,6109,1
1,0.2,0,8,0,1,0,0,3,27,72,1
1,0,2,16,0,1,0,0,0,117,6788,1
1,0,1,0,0,0,0,0,6,62,4038,1
1,0,1,0,0,0,0,0,412,133,830,1
0,0.118,1,0,0,0,0,0,0,17,515,1
1,0.167,1,0,0,0,0,0,6,178,6458,1
1,0.429,2,22,0,0,0,0,0,27,1335,1
1,0,3,0,0,0,0,0,4,162,592,1
1,0,0,0,0,0,0,0,2,78,6169,1
1,0,1,0,0,0,0,0,4,84,6116,1
1,0,1,0,0,0,0,0,1,75,6646,1
1,0.444,3,0,0,0,0,0,42,789,6207,1
1,0,0,0,0,0,0,0,4,84,5965,1
1,0.25,1,0,0,0,0,0,2,14,538,1
1,0,2,24,0,1,0,0,629,474,6199,1
1,0.182,2,94,0,0,0,0,5,553,5530,1
1,0,0,0,0,1,0,0,0,36,869,1
1,0,1,0,0,0,0,0,3,78,4844,1
1,0,1,0,0,0,0,0,3,70,6119,1
1,0,2,0,0,1,0,0,0,84,1443,1
1,0,0,0,0,0,0,0,2,23,2727,1
1,0.5,0,0,0,0,0,0,8,84,7128,1
1,0.636,1,1,0,0,0,0,0,6,7,1
1,0,2,0,0,1,0,0,4,46,98,1
1,0,0,0,0,1,0,0,3,19,6207,1
1,0.118,2,0,0,1,0,0,70,330,4769,1
1,0.25,1,0,1,1,0,0,0,507,3253,1
1,0,1,0,0,0,0,0,4,78,6210,1
1,0,2,0,0,1,0,0,0,176,6982,1
1,0,0,0,0,0,0,0,2,80,6208,1
1,0,0,0,0,1,0,0,5,28,3512,1
0,0.167,1,0,0,0,0,0,0,0,0,1
0,0.333,2,0,0,0,0,0,0,0,0,1
1,0.286,0,0,0,0,0,0,0,2,0,1
1,0,1,0,0,0,0,0,3,73,6182,1
1,0,0,0,0,1,0,0,2,27,5719,1
1,0.25,1,0,0,1,0,0,210,1354,3008,1
1,0,0,0,0,0,0,0,3,79,6247,1
1,0,0,0,0,0,0,0,3,72,6045,1
1,0,2,62,0,1,0,0,17,1530,3348,1
1,0,2,76,0,1,0,0,145,412,1183,1
0,0,0,0,0,1,0,0,0,5,1232,1
1,0.444,1,9,0,1,0,0,254,254,6889,1
1,0,2,0,0,1,0,0,0,23,62,1
1,0,1,0,0,0,0,0,2,68,3980,1
1,0,0,0,0,0,0,0,2,85,6112,1
1,0.083,1,0,0,0,0,0,1,11,535,1
1,0,1,99,0,0,0,0,285,655,699,1
1,0,1,0,0,0,0,0,5,72,6173,1
1,0,0,0,0,1,0,0,2,27,4540,1
1,0.222,0,0,0,0,0,0,9,57,6488,1
0,0.286,1,0,0,0,0,0,0,38,0,1
0,0.214,1,0,0,0,0,0,0,0,0,1
0,0.118,1,0,0,1,0,0,0,15,0,1
1,0.75,2,16,0,1,0,0,24,244,5781,1
1,0.111,1,0,0,0,0,0,3,67,6119,1
1,0.273,2,0,0,0,0,0,45,346,1344,1
1,0.167,2,0,0,1,0,0,38,1033,3928,1
1,0,1,0,0,0,0,0,5,64,2995,1
1,0,1,0,0,0,0,0,2,58,2370,1
1,0,0,0,0,0,0,0,3,72,3531,1
0,0,0,0,0,0,0,0,0,1,95,1
1,0,1,0,0,0,0,0,2,62,3433,1
1,0.5,1,0,0,0,0,0,1,66,5152,1
1,0.273,2,8,0,1,0,0,30,1109,3149,1
0,0,1,0,0,1,0,0,0,114,7502,1
1,0,1,0,0,0,0,0,2,59,3838,1
1,0.375,2,0,0,0,0,0,259,954,4794,1
1,0,1,0,0,0,0,0,2,68,6086,1
0,0,1,0,0,1,0,0,0,135,625,1
1,0,0,0,0,0,0,0,3,73,6144,1
1,0.375,1,0,0,0,0,0,1,210,6562,1
1,0,0,0,0,0,0,0,3,100,6181,1
0,0,0,2,0,1,0,0,0,98,6541,1
1,0,0,0,0,1,0,0,5,28,6175,1
1,0,1,0,0,0,0,0,4,79,6184,1
1,0,1,0,0,0,0,0,5,83,4501,1
1,0.273,1,59,0,1,0,0,5,207,1313,1
1,0,1,0,0,0,0,0,4,73,6221,1
0,0,0,0,0,0,0,0,0,67,614,1
1,0.4,2,0,0,0,0,0,2,80,49,1
1,0,0,0,0,0,0,0,2,88,6176,1
1,0,0,78,0,1,0,0,1,34,154,1
1,0,1,0,0,0,0,0,3,60,4163,1
1,0.273,0,12,0,0,0,0,3,10,545,1
1,0,0,0,0,1,0,0,3,35,1267,1
1,0.111,1,7,0,0,0,0,5,257,4871,1
1,0.222,2,0,0,1,0,0,1,162,28,1
1,0,0,0,0,0,0,0,2,72,6163,1
1,0,1,0,0,0,0,0,38,521,1458,1
1,0,1,0,0,0,0,0,3,70,4713,1
1,0,2,36,0,1,0,0,6175,157,166,1
1,0,3,137,0,0,0,0,186,197,689,1
1,0,2,0,0,0,0,0,1,351,2088,1
1,0,1,133,0,0,0,1,176,244,3113,1
1,0.25,2,59,0,1,0,0,164,728,1020,1
1,0,0,0,0,0,0,0,3,85,6091,1
1,0,1,0,0,0,0,0,2,94,6233,1
1,0.133,2,39,0,0,0,0,159,1780,7447,1
1,0.25,1,0,0,1,0,0,427,611,2234,1
1,0,1,0,0,0,0,0,3,71,6250,1
1,0,0,0,0,0,0,0,2,62,3501,1
1,0,0,0,0,1,0,0,2,38,6319,1
1,0,0,0,0,0,0,0,5,61,3183,1
0,0.5,0,0,0,1,0,0,0,526,3338,1
1,0,2,0,0,1,0,0,22,610,703,1
1,0,1,0,0,0,0,0,3,76,5846,1
1,0,1,0,0,0,0,0,2,74,6217,1
1,0.1,1,0,0,0,0,0,2,6,529,1
1,0,1,0,0,0,0,0,2,62,4081,1
1,0.167,2,114,0,0,0,0,7,547,5132,1
1,0,0,0,0,0,0,0,4,81,5680,1
1,0,0,0,0,0,0,0,6,76,5890,1
1,0,1,0,0,1,0,0,2,285,6003,1
1,0,2,116,0,1,0,0,223,194,7457,1
1,0.667,1,0,0,0,0,0,2,158,5619,1
1,0,0,0,0,0,0,0,3,53,6189,1
1,0.267,1,0,0,1,0,0,178,138,506,1
1,0.222,1,0,0,0,0,0,1,5,180,1
1,0,0,0,0,0,0,0,2,97,6202,1
0,0.286,2,19,0,1,0,0,0,79,57,1
1,0,0,0,0,0,0,0,2,23,4517,1
1,0,0,0,0,0,0,0,2,93,6156,1
1,0,1,0,0,0,0,0,3,62,2291,1
0,0.273,1,0,0,0,0,0,0,1313,2412,1
1,0.2,1,0,0,1,0,0,92,43,132,1
1,0.333,1,0,0,1,0,0,16,411,7043,1
1,0.4,1,0,0,0,0,0,7,121,7335,1
0,0.556,1,0,1,1,0,0,2,17,247,1
1,0,1,0,0,0,0,0,3,67,5070,1
0,0,0,0,0,1,0,0,0,262,6202,1
1,0.045,4,61,0,0,0,0,14,142,1588,1
1,0,1,0,0,0,0,0,5,94,6171,1
1,0,0,0,0,0,0,0,3,84,6250,1
1,0.067,0,0,0,0,0,0,3,67,4118,1
1,0.125,2,63,0,1,0,0,1,5,29,1
1,0,0,0,0,1,0,0,5,27,5415,1
1,0.4,1,0,0,0,0,0,0,124,277,1
1,0,4,36,0,0,0,0,2,4,124,1
1,0,1,0,0,0,0,0,3,97,6214,1
1,0,0,0,0,1,0,0,1,72,4832,1
1,0.5,1,0,0,0,0,0,1,30,2092,1
1,0.25,2,0,0,1,0,0,0,65,304,1
1,0,1,0,0,0,0,0,2,78,6210,1
1,0,3,7,0,0,0,1,135,1093,212,1
1,0,0,2,0,0,0,0,0,0,8,1
1,0,2,7,0,1,0,0,204,623,1776,1
1,0.091,1,0,0,0,0,0,7,215,6683,1
1,0,0,0,0,0,0,0,4,38,5412,1
1,0.182,1,0,0,0,0,0,7,60,203,1
1,0,1,0,0,0,0,0,2,73,5234,1
1,0,2,0,0,0,0,0,0,66,433,1
1,0,2,57,0,0,0,0,0,54,187,1
1,0.333,2,5,0,1,0,0,947,265,1077,1
1,0,0,0,0,1,0,0,3,27,6124,1
1,0.25,1,0,0,0,0,0,0,48,180,1
0,0.143,2,122,0,0,0,0,0,97,461,1
0,0.5,2,0,0,0,0,0,0,16,101,1
1,0,2,0,0,0,0,1,110,833,3268,1
1,0,0,0,0,0,0,0,2,53,2021,1
0,0.333,0,0,0,0,0,0,0,0,0,1
1,0,0,0,0,1,0,0,3,22,3951,1
1,0,1,0,0,0,0,0,2,50,2196,1
1,0.333,0,0,0,0,0,0,0,31,3,1
1,0,1,0,0,0,0,0,4,73,4636,1
1,0,0,134,1,0,0,0,38,381,920,1
1,0,1,0,0,0,0,0,2,64,4422,1
1,0,1,0,0,0,0,0,2,71,3390,1
1,0.278,2,85,1,0,0,0,620,373,621,1
1,0,0,0,0,0,0,0,3,73,6056,1
1,0,0,0,0,0,0,0,2,69,5355,1
1,0.235,1,0,0,0,0,0,14,160,635,1
0,0.7,0,41,0,0,0,0,4,130,115,1
1,0,0,3,0,1,0,0,0,202,761,1
1,0,1,0,0,0,0,0,2,50,2480,1
1,0,0,0,0,0,0,0,5,43,6194,1
0,0,0,0,0,0,0,0,0,147,843,1
0,0,0,0,0,0,0,0,0,69,6129,1
1,0,3,60,0,1,0,0,637,1550,3563,1
1,0,0,0,0,0,0,0,5,54,3151,1
1,0,1,0,0,0,0,0,6,66,2756,1
1,0.4,2,6,0,1,0,0,149,53,1108,1
1,0.125,2,0,0,0,0,0,1,426,4868,1
1,0,2,28,1,1,0,0,36,339,709,1
1,0,0,0,0,0,0,0,4,87,5974,1
1,0.5,0,38,0,1,0,0,0,402,2265,1
0,0.429,1,0,0,0,0,0,0,26,2716,1
1,0,1,0,0,0,0,0,2,75,5662,1
1,0.286,2,0,0,1,0,0,1,15,19,1
0,0.091,2,0,0,0,0,0,0,40,0,1
1,0,2,6,0,1,0,0,103,406,1069,1
0,0.273,0,0,0,1,0,0,0,98,486,1
1,0,2,13,0,1,0,0,417,726,5213,1
1,0,0,0,0,1,0,0,3,30,4684,1
1,0.5,1,69,0,0,0,0,19,195,2038,1
0,0.4,0,0,0,1,0,0,1,0,0,1
1,0.25,1,0,0,0,0,0,1,27,959,1
1,0,0,0,0,1,0,0,3,32,2434,1
1,0,3,0,0,0,0,0,93,544,2002,1
1,0.182,2,38,0,1,0,0,141,88,1118,1
1,0,3,112,0,0,0,0,156,629,2934,1
1,0,0,57,0,1,0,0,6,358,713,1
1,0,0,0,0,0,0,0,2,44,6282,1
1,0.188,3,5,0,1,0,0,24,141,2273,1
1,0.154,2,148,0,1,0,0,15,163,7500,1
1,0,0,0,0,0,0,0,2,35,6109,1
1,0,0,0,0,0,0,0,2,86,6431,1
1,0,3,12,0,1,0,0,9,176,6730,1
1,0.444,2,0,0,1,0,0,3,828,2110,1
1,0,0,0,0,0,0,0,2,67,3314,1
1,0,1,0,0,0,0,0,2,77,6205,1
1,0,2,0,0,0,0,0,1,2,169,1
1,0,1,0,0,1,0,0,1,53,3943,1
1,0,0,0,0,1,0,0,2,25,4849,1
1,0.273,2,0,0,0,0,0,41,260,1810,1
1,0,0,0,0,0,0,0,3,55,3318,1
0,0.143,1,0,0,0,0,0,0,36,225,1
1,0,1,0,0,0,0,0,5,83,6347,1
1,0.214,2,0,0,1,0,0,1,255,3631,1
1,0,0,0,0,0,0,0,6,48,5238,1
0,0.125,1,0,0,0,0,0,0,13,538,1
1,0,5,0,0,0,0,0,15,51,144,1
1,0,0,0,0,1,0,0,3,33,4959,1
1,0,2,0,1,1,0,0,10,469,7499,1
1,0,0,0,0,1,0,0,4,23,4997,1
1,0,2,138,0,0,0,0,62,416,1016,1
1,0,2,0,0,1,0,0,3,88,413,1
1,0.444,1,73,0,0,0,0,4,31,1229,1
1,0,1,0,0,0,0,0,5,105,5765,1
1,0,12,70,0,1,0,0,1065,497,7067,1
1,0.1,0,0,0,0,0,0,2,68,6203,1
1,0.273,1,0,0,1,0,0,79,812,7498,1
1,0.4,0,0,0,0,0,0,0,1978,6641,1
1,0.2,1,1,0,0,0,0,1,880,6082,1
1,0,2,48,0,0,0,1,306,1170,2623,1
1,0,2,90,0,0,0,0,462,719,2525,1
1,0.067,3,147,0,1,0,0,53,742,7435,1
1,0,0,0,0,1,0,0,3,23,5603,1
1,0,1,128,0,0,0,0,4,20,143,1
1,0,2,0,0,1,0,0,153,1437,2731,1
1,0,1,119,0,0,0,0,20,97,6752,1
1,0.111,0,0,0,1,0,0,0,24,4793,1
1,0,0,0,0,0,0,0,3,63,3686,1
1,0,0,0,0,0,0,0,2,69,4303,1
1,0,4,147,0,0,0,1,9500,4733,7502,1
1,0.188,2,1,0,0,0,0,97,719,5817,1
1,0,2,20,0,0,0,0,9,349,1772,1
1,0,1,0,0,0,0,0,2,65,3481,1
1,0,2,49,0,1,0,0,10,142,6924,1
1,0.222,1,0,0,0,0,0,40,173,6459,1
1,0,0,0,0,0,0,0,4,75,4248,1
1,0,4,47,0,1,0,0,58,453,1482,1
1,0.333,1,2,0,0,0,0,0,86,90,1
1,0,0,0,0,0,0,0,3,66,3533,1
1,0,0,0,0,0,0,0,2,39,6306,1
1,0,0,0,0,0,0,0,5,90,6270,1
1,0,1,0,0,0,0,0,2,58,3648,1
1,0,0,0,0,0,0,0,4,47,2260,1
1,0,1,0,0,0,0,0,3,90,6184,1
1,0.333,2,22,0,0,0,0,7,454,1138,1
1,0,0,0,0,0,0,0,3,63,3373,1
0,0.375,0,0,0,0,0,0,0,2,0,1
1,0,1,0,0,0,0,0,3,90,6261,1
1,0,2,1,0,1,0,0,3,248,366,1
1,0,5,123,0,1,0,0,120,998,6088,1
1,0,0,0,0,1,0,0,3,27,6053,1
1,0,0,0,0,0,0,0,5,45,6091,1
1,0,1,0,0,0,0,0,4,76,5043,1
1,0.067,1,0,0,0,0,0,2,75,6208,1
1,0,1,0,0,0,0,0,3,93,6180,1
0,0.214,0,0,0,0,0,0,0,0,0,1
1,0.286,2,0,0,0,0,0,1,38,14,1
0,0.267,1,0,0,0,0,0,0,0,0,1
1,0.25,1,0,0,0,0,1,17,175,2748,1
1,0,0,0,0,1,0,0,4,36,6170,1
1,0,2,39,0,1,0,0,12,407,7495,1
1,0,0,0,0,1,0,0,2,22,3031,1
1,0,1,0,0,0,0,0,4,61,4488,1
1,0,0,0,0,0,0,0,5,86,5249,1
1,0,0,0,0,0,0,0,3,7,720,1
1,0.167,2,0,0,0,0,0,17,486,1957,1
1,0,1,0,0,0,0,0,0,82,6181,1
1,0,4,0,0,0,0,0,45,62,158,1
1,0,1,60,0,1,0,0,14,23,135,1
1,0.25,1,0,0,1,0,0,27,103,1014,1
1,0,0,0,0,1,0,0,2,27,4235,1
1,0,0,0,0,0,0,0,5,61,2930,1
1,0,1,122,1,0,0,0,388,1679,6001,1
1,0.3,1,106,0,1,0,0,121,675,7502,1
1,0,2,0,0,1,0,0,31,442,561,1
1,0,0,0,0,1,0,0,3,33,6312,1
1,0,1,17,0,1,0,0,79,260,124,1
1,0,0,0,0,1,0,0,2,21,4918,1
1,0.455,1,0,0,1,0,0,1,1,795,1
1,0.154,2,21,0,1,0,0,21,1035,4282,1
1,0,1,0,0,0,0,0,2,37,727,1
1,0.25,2,85,1,0,0,0,35,1309,5942,1
1,0,3,0,0,1,0,0,107,573,965,1
1,0,1,0,0,0,0,0,2,87,6138,1
1,0,0,0,0,1,0,0,3,31,4429,1
1,0,1,0,0,0,0,0,3,87,6241,1
1,0.083,2,0,0,1,0,0,147,60,1077,1
0,0,0,0,0,0,0,0,0,0,244,1
1,0.5,1,0,0,0,0,0,1,89,5166,1
0,0.182,2,36,0,1,0,0,55,685,1075,1
1,0.067,2,150,0,0,0,0,9,193,564,1
1,0,2,8,0,1,0,0,428,176,333,1
1,0,1,0,0,0,0,0,69,366,897,1
0,0.455,1,34,0,0,0,0,1,0,26,1
1,0,4,0,0,1,0,0,0,24,357,1
1,0.25,1,4,1,0,0,1,99,426,3280,1
0,0.636,1,0,0,1,0,0,0,25,7035,1
1,0,1,0,0,0,0,0,3,62,4162,1
1,0.267,2,0,0,0,0,0,13,62,6231,1
1,0,1,0,0,0,0,0,3,87,6199,1
1,0,1,0,0,0,0,0,2,68,6266,1
0,0.167,1,0,0,0,0,0,0,40,490,1
0,0.231,2,0,0,0,0,0,0,33,0,1
0,0.3,2,0,0,1,0,0,0,15,88,1
0,0.231,0,0,0,1,0,0,0,0,1,1
0,0.5,1,0,0,0,0,0,0,1,0,1
1,0,1,0,0,0,0,0,5,69,6075,1
1,0,0,0,0,1,0,0,4,21,2963,1
1,0,1,0,0,0,0,0,1,133,6613,1
1,0,0,0,0,0,0,0,2,47,6189,1
1,0.444,1,14,0,1,0,0,19,5,71,1
1,0,0,0,0,1,0,0,2,29,6412,1
0,0,2,11,0,1,0,0,0,0,50,1
0,0.222,1,0,0,0,0,0,1,50,1231,1
1,0,1,64,0,0,0,0,100,414,1910,1
1,0,0,0,0,0,0,0,2,84,5998,1
1,0,1,68,1,1,0,0,1031,513,7469,1
1,0,0,0,0,0,0,0,3,80,6100,1
1,0.222,2,69,1,1,0,0,536,195,1163,1
0,0,3,0,0,0,0,0,0,63,1253,1
1,0.4,1,0,0,0,0,0,1,7,181,1
1,0.25,0,0,0,1,0,0,0,512,821,1
1,0,2,31,0,0,0,0,0,23,39,1
1,0,0,0,0,0,0,0,2,97,6194,1
1,0.1,1,0,0,0,0,0,4,88,5248,1
0,0,1,0,0,1,0,0,75,3,589,1
1,0,1,0,0,0,0,0,3,80,6179,1
1,0.308,1,0,0,0,0,0,1,20,611,1
0,0,2,0,0,0,0,0,0,346,6481,1
1,0,0,0,0,0,0,0,4,84,6252,1
1,0,1,3,0,0,0,1,1,71,4383,1
1,0,1,0,0,0,0,0,2,74,4070,1
1,0,0,0,0,1,0,0,3,27,5687,1
1,0.111,3,48,0,0,0,1,0,949,4984,1
1,0.333,1,112,0,1,0,0,20,277,3638,1
1,0.364,3,0,0,1,0,0,124,183,7499,1
1,0,1,0,0,0,0,0,1,123,6519,1
1,0,0,0,0,1,0,0,3,19,3358,1
1,0,2,0,0,0,0,0,33,262,805,1
1,0.3,1,0,0,0,0,0,1,174,168,1
0,0,0,0,0,1,0,0,1,116,5594,1
0,0.538,4,0,0,0,0,0,0,11,480,1
1,0,1,0,0,0,0,0,3,60,2885,1
1,0,0,0,0,0,0,0,2,22,3802,1
1,0.091,2,0,0,1,0,0,1752,736,6722,1
1,0,2,137,0,0,0,0,67,656,744,1
1,0,0,0,0,0,0,0,2,76,6268,1
1,0,0,0,0,1,0,0,3,18,6368,1
1,0.333,2,0,0,1,0,0,2,0,2,1
1,0.176,2,0,0,1,0,0,1,61,1054,1
0,0.333,1,0,0,0,0,0,0,13,73,1
1,0,1,0,0,0,0,0,0,10,15,1
1,0,1,0,0,0,0,0,2,72,3322,1
1,0,1,0,0,0,0,0,2,65,3512,1
1,0,0,0,0,0,0,0,2,86,6224,1
1,0,0,0,0,0,0,0,0,98,654,1
1,0,3,113,0,1,0,0,1980,1183,4602,1
1,0,6,133,0,0,0,1,266,1058,2055,1
1,0,1,0,0,0,0,0,2,59,3613,1
1,0,0,20,0,1,0,0,1,10,1394,1
1,0.429,2,0,0,1,0,0,85,596,1456,1
1,0,0,0,0,0,0,0,4,77,6003,1
1,0,1,0,0,0,0,0,1,134,2978,1
0,0,3,0,0,0,0,0,0,11,529,1
1,0,1,0,0,0,0,0,3,81,2999,1
1,0.444,0,0,0,0,0,0,0,125,2528,1
1,0,1,48,0,0,0,0,695,140,325,1
1,0,0,0,0,0,0,0,8,80,6084,1
0,0.538,4,0,0,0,0,0,0,7,492,1
1,0,0,0,0,0,0,0,5,62,2390,1
0,0.353,2,0,0,0,0,0,0,15,19,1
1,0,2,10,0,1,0,0,39,123,763,1
1,0.364,0,0,0,0,0,0,652,1075,3760,1
1,0.417,1,45,0,0,0,0,0,5,47,1
1,0.364,2,16,0,1,0,0,70,191,493,1
0,0.364,2,0,0,0,0,0,0,0,0,1
0,0,1,0,0,1,0,0,0,1098,6621,1
1,0,1,0,0,0,0,0,2,88,6165,1
1,0,0,0,0,1,0,0,3,29,6050,1
1,0.308,1,0,0,0,0,0,1,75,4350,1
1,0,0,12,0,1,0,0,0,59,1067,1
1,0,1,24,0,1,0,0,291,597,4460,1
1,0.714,0,0,0,0,0,0,0,164,6840,1
1,0,0,0,0,0,0,0,6,79,5962,1
1,0,2,14,0,1,0,0,281,129,630,1
1,0,1,0,0,0,0,0,2,86,6157,1
1,0.231,1,0,0,0,0,0,0,209,6502,1
1,0,0,0,0,1,0,0,1,21,244,1
1,0,0,0,0,0,0,0,2,16,2384,1
1,0,0,0,0,0,0,0,2,69,3342,1
1,0,1,0,0,0,0,0,2,64,5333,1
1,0.263,1,0,0,0,0,0,24,162,641,1
1,0,1,95,0,0,0,0,12,2028,6587,1
1,0,0,100,0,0,0,1,382,246,667,1
1,0,1,0,0,1,0,0,0,299,5720,1
1,0,0,0,0,1,0,0,1,1021,4033,1
1,0,1,0,0,0,0,0,2,71,6112,1
1,0,0,0,0,0,0,0,3,102,6222,1
1,0,1,0,0,0,0,0,3,58,1871,1
1,0,2,74,0,0,0,0,30,497,710,1
1,0,1,0,0,0,0,0,3,51,1589,1
0,0.6,4,0,0,0,0,0,0,11,493,1
0,0.286,2,0,0,1,0,0,0,0,0,1
0,0.125,1,0,0,0,0,0,0,5,518,1
0,0.3,1,0,0,0,0,0,0,0,0,1
1,0.2,3,150,0,0,0,1,4,459,2720,1
1,0,1,0,0,0,0,0,2,96,5561,1
1,0,0,0,0,1,0,0,5,26,2306,1
1,0,1,0,0,0,0,0,3,74,6166,1
1,0,1,0,0,0,0,0,2,71,6241,1
1,0,0,0,0,0,0,0,3,75,6234,1
1,0.25,1,0,0,0,0,0,1,16,398,1
1,0,1,0,0,0,0,0,0,90,6196,1
1,0,0,0,0,1,0,0,2,30,6166,1
1,0,1,0,0,0,0,0,3,82,6126,1
1,0,1,0,0,0,0,0,3,48,1794,1
1,0,4,131,1,0,0,1,533,4926,3590,1
1,0,1,0,0,0,0,0,1,14,520,1
1,0,0,0,0,0,0,0,3,42,6243,1
1,0,0,0,0,0,0,0,0,77,4722,1
1,0.4,1,21,0,0,0,0,4,13,333,1
1,0,0,0,0,0,0,0,6,177,7021,1
1,0,2,0,0,1,0,0,18,10,202,1
1,0,1,0,0,1,0,0,5,388,546,1
1,0.4,1,0,0,1,0,0,13,176,7369,1
1,0.333,2,0,0,1,0,0,4,1312,7486,1
1,0,0,0,0,0,0,0,3,91,6176,1
1,0,3,41,1,1,0,0,548,639,6704,1
1,0,1,0,0,0,0,0,4,75,6153,1
1,0.1,1,0,0,0,0,0,3,53,1045,1
1,0,0,126,0,1,0,0,11,1639,3049,1
1,0.214,1,0,0,1,0,0,2,0,178,1
1,0,0,0,0,0,0,0,2,63,3150,1
1,0,2,0,0,0,0,0,55,1136,2921,1
1,0,1,0,0,0,0,0,4,44,1960,1
1,0,1,0,0,0,0,0,3,57,2099,1
1,0,2,82,1,0,0,1,561,850,7498,1
1,0,2,17,0,1,0,0,24,212,460,1
1,0.167,2,0,0,0,0,0,1,296,2647,1
1,0,1,0,0,0,0,0,3,73,4458,1
1,0,0,0,0,0,0,0,3,75,6110,1
1,0,0,0,0,1,0,0,2,35,6127,1
1,0,2,0,0,0,0,0,0,2,1,1
1,0.077,2,0,0,0,0,0,1,26,136,1
1,0,0,0,0,1,0,0,3,25,6207,1
1,0.133,2,53,0,1,0,0,19,364,885,1
1,0,0,0,0,0,0,0,4,58,2817,1
1,0,0,0,0,1,0,0,9,21,6299,1
1,0,2,22,0,1,0,0,107,315,943,1
1,0,2,0,0,0,0,0,20,154,334,1
1,0,1,0,0,0,0,0,2,86,6299,1
0,0.308,1,0,0,0,0,0,0,44,1056,1
1,0,0,0,0,0,0,0,1,5,175,1
1,0,0,0,0,1,0,0,5,23,6131,1
1,0,1,24,1,0,0,0,1,143,6270,1
0,0,1,0,0,0,0,0,0,1,323,1
1,0,2,0,0,0,0,0,0,85,5893,1
1,0.2,2,0,0,1,0,0,119,169,447,1
1,0,1,0,0,0,0,0,2,74,4702,1
0,0.25,0,0,0,1,0,0,0,24,48,1
1,0,0,0,0,0,0,0,1,358,5773,1
1,0,1,0,0,0,0,0,2,73,3987,1
1,0.308,1,0,0,0,0,0,1,20,562,1
1,0,1,0,0,0,0,0,2,77,5795,1
1,0.111,1,80,0,0,0,0,0,36,672,1
1,0.444,2,0,0,1,0,0,239,2282,7494,1
1,0,1,0,0,0,0,0,7,98,4974,1
1,0.273,1,0,0,1,0,0,30,1408,1569,1
1,0,0,92,1,1,0,0,164,845,1537,1
1,0.091,1,0,0,0,0,0,22,92,6452,1
1,0,1,0,0,0,0,0,5,82,6061,1
1,0,1,148,0,1,0,0,66,60,2617,1
1,0,1,0,0,0,0,0,2,51,2962,1
1,0.2,2,64,0,1,0,0,6,135,3981,1
1,0,0,0,0,1,0,0,4,22,6212,1
0,0.267,1,0,0,0,0,0,0,14,12,1
0,0.083,1,0,0,0,0,0,0,42,20,1
0,0.267,1,0,0,0,0,1,0,0,0,1
1,0.2,0,0,0,0,0,0,0,6,0,1
0,0.5,4,0,0,0,0,0,0,15,499,1
1,0.5,1,0,0,0,0,0,1,62,6154,1
1,0,1,0,0,0,0,0,2,93,6168,1
1,0,0,0,0,1,0,0,3,33,2824,1
1,0,1,0,0,0,0,0,3,100,6197,1
1,0,1,0,0,1,0,0,0,376,2116,1
1,0,1,0,0,0,0,0,3,67,4237,1
1,0,0,31,0,1,0,0,9,73,5144,1
1,0,0,0,0,0,0,0,2,93,6148,1
1,0.333,2,47,1,1,0,0,33,308,799,1
1,0,1,0,0,0,0,0,3,96,6275,1
1,0,1,147,0,1,0,0,861,592,1721,1
1,0,1,0,0,0,0,0,4,74,6193,1
1,0.222,1,0,0,0,0,0,135,204,1390,1
1,0,1,0,0,0,0,0,2,97,6258,1
1,0.444,2,28,0,0,0,0,19,664,2452,1
1,0,1,0,0,1,0,0,1,31,958,1
1,0,2,59,0,0,0,1,1549,151,267,1
1,0,1,0,0,0,0,0,3,66,5338,1
1,0,0,0,0,0,0,0,2,81,6234,1
1,0,1,0,0,0,0,0,4,63,5238,1
0,0.235,0,0,0,0,0,0,0,16,475,1
0,0.25,2,0,0,0,0,0,0,9,0,1
0,0,2,12,0,0,0,0,0,17,535,1
1,0,1,0,0,0,0,0,3,79,6187,1
1,0,0,0,0,0,0,0,1,52,673,1
1,0,2,52,0,1,0,0,33,209,414,1
1,0,1,0,0,0,0,0,2,103,6200,1
1,0.091,2,0,0,0,0,0,59,549,2449,1
1,0,2,0,0,0,0,0,1,26,878,1
1,0.143,1,0,0,0,0,0,18,490,6584,1
1,0,1,52,0,1,0,0,337,396,1219,1
1,0,1,0,0,0,0,0,4,90,5982,1
1,0,2,117,0,1,0,0,363,279,1244,1
1,0,1,0,0,0,0,0,3,81,6293,1
1,0,2,0,0,0,0,0,5,15,292,1
1,0,1,136,0,0,0,1,297,1454,5684,1
1,0.308,1,54,0,1,0,0,43,132,321,1
1,0.176,1,0,0,0,0,0,1,58,3065,1
1,0,0,0,0,1,0,0,10,25,6098,1
1,0.231,1,149,1,0,0,0,27,129,3056,1
1,0,1,41,0,0,0,0,1,244,763,1
1,0,0,0,0,0,0,0,5,16,536,1
1,0,0,0,0,0,0,0,2,52,6146,1
1,0,1,0,0,0,0,0,3,82,4593,1
1,0,0,78,0,0,0,0,11,301,832,1
1,0,0,0,0,1,0,0,3,23,4548,1
1,0,0,0,0,1,0,0,3,24,5174,1
1,0.231,2,30,0,1,0,0,28,360,838,1
1,0.5,2,44,0,1,0,0,7833,1021,7497,1
1,0.3,1,4,0,0,0,0,7,5,22,1
1,0,1,0,0,0,0,0,4,65,5242,1
1,0,1,0,0,0,0,0,2,87,5434,1
1,0,1,0,0,0,0,0,1,25,1228,1
1,0.091,0,0,0,1,0,0,2,27,3609,1
0,0,2,17,1,1,0,0,0,104,3282,1
1,0.143,2,0,0,0,0,0,1,332,3090,1
1,0,2,2,0,1,0,0,8,661,1562,1
0,0,0,0,0,0,0,0,0,2,223,1
1,0,2,58,0,1,0,0,47,296,4909,1
1,0.143,1,0,0,1,0,0,0,5,67,1
1,0,1,0,0,0,0,0,3,81,6108,1
0,0,1,46,0,0,0,0,0,46,259,1
0,0.444,2,0,0,0,0,0,0,2,14,1
0,0.375,0,0,0,0,0,0,0,15,26,1
0,0,2,0,0,0,0,0,0,30,75,1
0,0,0,0,0,0,0,0,0,224,72,1
0,0,3,11,0,0,0,0,0,5,149,1
0,0.2,0,0,0,1,0,0,0,0,22,1
1,0,1,0,0,0,0,0,23,15,141,1
1,0.1,0,0,0,0,0,0,5,519,5313,1
1,0.5,1,43,0,0,0,0,4,1,13,1
1,0,1,24,0,0,0,0,0,42,505,1
1,0.273,0,32,0,0,0,0,0,21,31,1
0,0,1,0,0,0,0,0,0,113,1392,1
0,0,0,20,0,0,0,1,0,131,294,1
0,0.364,0,0,0,0,0,0,0,11,15,1
1,0,1,0,0,1,0,0,0,44,323,1
1,0.364,0,0,0,0,0,0,0,0,3,1
0,0,1,0,0,0,0,0,0,34,332,1
1,0,0,0,0,0,0,0,0,1,14,1
0,0,2,0,0,0,0,0,0,0,48,1
1,0,2,130,0,0,0,0,34,135,501,1
0,0.091,1,0,0,1,0,0,0,3,18,1
1,0,4,26,0,0,0,0,50,1144,2732,1
0,0,1,0,0,1,0,0,0,1,951,1
0,0.455,2,0,0,0,0,0,0,0,49,1
1,0.133,1,12,0,0,0,0,0,296,290,1
0,0,2,0,0,0,0,0,0,13,73,1
1,0,4,31,0,0,0,0,34,2756,5755,1
0,0,0,0,0,1,0,0,0,3,40,1
0,0,1,0,0,1,0,0,0,0,64,1
1,0,1,130,0,0,0,0,57,427,703,1
1,0,0,6,0,0,0,0,6,9,22,1
1,0,1,39,0,0,0,0,193,156,320,1
0,0,0,0,0,0,0,0,0,38,627,1
1,0.308,1,0,0,0,0,0,0,49,83,1
0,0,2,0,0,1,0,0,0,49,247,1
1,0.2,1,26,0,0,0,0,5,91,56,1
1,0.1,1,0,0,1,0,0,1,14,112,1
0,0.091,1,0,0,0,0,0,0,0,17,1
1,0.062,0,0,0,0,0,0,0,38,59,1
1,0,0,0,0,0,0,0,9,6,151,1
1,0.556,0,0,0,0,0,0,0,12,39,1
0,0.444,0,0,0,0,0,0,0,0,42,1
0,0,1,0,0,1,0,0,0,195,497,1
0,0.364,0,0,0,1,0,0,0,5,15,1
0,0.059,0,0,0,0,0,0,0,13,38,1
1,0.571,2,0,0,0,0,0,0,30,37,1
1,0,2,9,0,1,0,0,0,349,1854,1
0,0,1,0,0,0,0,0,0,40,497,1
1,0.04,5,144,0,0,0,0,118,205,515,1
0,0.1,1,0,0,0,0,0,0,0,20,1
0,0,0,0,0,0,0,0,0,13,45,1
0,0.118,2,0,0,0,0,0,0,13,18,1
1,0.4,1,0,0,0,0,0,0,16,23,1
0,0,2,0,0,0,0,0,0,161,538,1
0,0.143,2,0,0,0,0,0,1,3,5,1
0,0,0,0,0,0,0,0,0,18,124,1
0,0.455,1,0,0,0,0,0,0,0,5,1
1,0.2,2,0,0,0,0,0,0,23,68,1
0,0,2,0,0,0,0,0,0,3,3,1
1,0.444,1,0,0,0,0,0,13,388,1274,1
1,0.167,2,0,0,0,0,0,0,138,0,1
1,0.273,0,0,0,0,0,0,0,17,71,1
1,0.133,1,111,0,0,0,0,0,568,7388,1
1,0.25,1,0,0,0,0,0,4,10,48,1
1,0,2,70,0,0,0,0,3,111,1428,1
1,0,1,0,0,0,0,0,0,67,795,1
1,0,0,115,0,0,0,0,2,214,718,1
0,0,2,0,0,1,0,0,0,10,171,1
1,0,2,0,0,0,0,0,1,44,385,1
1,0,1,0,0,0,0,0,1,133,6606,1
1,0.545,1,0,0,0,0,0,4,86,6444,1
0,0.2,1,0,0,0,0,0,0,63,3082,1
1,0.5,4,56,0,0,0,0,5,146,6466,1
0,0.133,1,95,0,0,0,1,4,99,2958,1
1,0.308,2,0,0,0,0,0,1,70,5537,1
1,0,2,0,0,0,0,0,5,253,1895,1
1,0.067,0,0,0,0,0,0,1,137,6417,1
0,0,1,0,0,0,0,0,0,44,3995,1
0,0,2,0,0,0,0,0,0,113,6571,1
1,0,3,27,0,0,0,0,1,141,6432,1
1,0.545,1,0,0,0,0,0,3,213,1945,1
1,0.083,3,0,0,0,0,0,5,3013,6694,1
1,0.667,2,0,0,0,0,0,26,282,7392,1
0,0,1,0,0,0,0,0,0,1,193,1
0,0,0,0,0,0,0,0,2,122,4537,1
1,0.308,1,0,0,0,0,0,0,87,4609,1
1,0,3,75,0,0,0,0,1,102,159,1
1,0,1,0,0,0,0,0,0,88,322,1
0,0,1,0,0,0,0,0,0,929,1315,1
1,0,3,91,0,0,0,0,4,230,2239,1
0,0.4,1,0,0,0,0,0,7,42,119,1
1,0.217,2,0,0,0,0,0,1,18,129,1
1,0.333,1,131,0,0,0,0,4,9,76,1
0,0,0,39,0,0,0,0,0,260,2566,1
0,0.4,0,0,0,0,0,0,0,14,468,1
1,0.143,3,0,0,0,0,0,20,51,423,1
1,0,1,0,0,0,0,0,2,267,3555,1
1,0,1,137,0,0,0,0,9,164,4058,1
0,0,0,0,0,0,0,0,1,260,5923,1
