Profile Pic,Nums/Length Username,Full Name Words,Bio Length,External Url,Verified,Business,#Posts,#Followers,#Following,Last Post Recent,%Post Single Day,Index of Activity,Average of Likes,Fake
1,0,2,42,1,0,0,111,688,409,1,3.0,11.111,68.3,0
1,0.067,2,0,0,0,0,58,353,456,1,8.621,0.8,31.121,0
1,0,0,0,0,0,0,44,535,364,1,4.545,1.417,49.75,0
1,0,2,14,0,0,1,81,3109,298,1,1.235,0.833,160.556,0
1,0,2,0,0,0,1,498,1071,1999,1,2.0,5.333,95.4,0
1,0,2,0,0,0,0,139,4813,1261,1,1.0,1.364,688.76,0
1,0,2,119,1,1,0,18035,2893954,3,1,8.0,100.0,106835.74,0
1,0.308,2,143,1,0,1,64,390,403,1,6.25,1.636,38.984,0
1,0,2,22,1,0,0,972,756,763,1,2.0,8.333,31.88,0
1,0,2,82,0,1,0,3062,52270056,1135,1,9.0,14.286,1065826.59,0
1,0.077,2,148,1,1,0,1651,4522020,1136,1,2.0,14.286,91026.68,0
1,0,2,0,1,1,0,2781,210038315,439,1,3.0,16.667,5996831.89,0
1,0,2,59,1,1,0,998,37361172,380,1,2.0,12.5,1474229.61,0
1,0,3,82,1,1,1,8597,38518592,57,1,10.0,50.0,393906.02,0
1,0,1,47,0,0,1,99,1113,3124,1,5.051,12.286,55.465,0
1,0,2,0,1,1,0,46,26692983,113,1,6.522,1.429,1096894.848,0
1,0,2,0,1,1,0,261,5776816,329,1,3.0,2.667,349480.01,0
1,0,3,96,1,0,0,42,260969,3,1,4.762,14.0,31250.5,0
1,0,5,20,1,1,0,4698,136401856,1215,1,3.0,25.0,2010008.24,0
1,0,2,0,0,0,0,143,1023,975,1,4.0,0.5,142.73,0
1,0,1,28,0,0,0,65,652,738,1,1.538,0.222,90.877,0
1,0,1,0,0,0,0,187,313,444,1,2.0,2.417,41.28,0
1,0,1,140,0,0,1,119,221622,502,1,4.0,1.25,17991.92,0
1,0,2,116,1,0,1,461,225619,2,1,2.0,20.0,3041.83,0
1,0,3,59,1,0,1,2354,289197,6,1,4.0,50.0,12894.73,0
1,0,1,56,0,0,1,44,1061,615,1,2.273,0.8,204.295,0
1,0,2,18,1,1,1,548,1917938,345,1,2.0,8.333,297613.42,0
1,0,2,65,0,0,1,176,832,784,1,1.0,0.9,115.94,0
1,0,2,0,0,0,1,81,444,409,1,2.469,0.917,39.0,0
1,0,2,146,1,0,1,760,2123,3310,1,3.0,16.667,45.31,0
1,0,2,90,1,0,0,136,743,793,0,2.0,0.333,62.25,0
1,0,2,0,0,0,0,130,868,717,1,1.0,0.417,104.59,0
1,0,2,94,0,0,0,52,1301,667,1,1.923,2.833,234.212,0
1,0,2,141,0,0,0,59,535,653,0,8.475,0.583,54.559,0
1,0,2,11,0,0,1,63,618,528,1,1.587,0.2,84.032,0
1,0,2,23,1,1,0,27,31359228,336,1,3.704,4.5,5579525.889,0
1,0,2,47,0,0,1,700,1480,593,1,2.0,6.417,143.83,0
1,0,2,42,0,0,1,362,1580,835,1,1.0,3.083,294.72,0
1,0,4,144,1,0,1,880,29124,255,1,3.0,14.286,2389.89,0
1,0.3,2,0,0,0,1,302,1037,514,1,1.0,0.75,123.48,0
1,0,6,105,1,1,1,8481,1227569,362,1,8.0,100.0,31853.17,0
1,0,2,111,0,0,1,167,2831,1852,1,3.0,6.583,246.14,0
1,0,2,18,0,0,1,16,857,380,1,6.25,0.75,253.875,0
1,0,1,58,0,0,1,2258,390400,85,1,5.0,100.0,38486.91,0
1,0,1,0,0,0,0,497,1896,955,1,1.0,2.583,354.66,0
1,0,1,149,0,0,1,162,237,193,1,3.0,6.333,14.56,0
1,0,1,45,0,0,1,7966,176063,36,1,8.0,100.0,3056.86,0
1,0.091,1,17,0,0,1,215,33305,293,1,3.0,3.167,1755.03,0
1,0,2,90,1,0,1,12,5681,629,1,8.333,1.333,1182.5,0
1,0,1,25,0,0,1,85,1112,569,1,1.176,2.5,197.718,0
1,0,3,146,1,0,1,982,5671,3745,1,4.0,16.667,115.88,0
1,0,3,111,1,0,0,2121,7754,1979,1,2.0,25.0,481.22,0
1,0,3,13,0,0,1,1501,874,382,1,1.0,10.0,53.81,0
1,0,2,131,0,0,1,79,291,695,1,3.846,2.75,49.705,0
1,0,1,51,0,0,1,71,2490,1321,1,2.817,3.083,275.577,0
1,0,1,34,1,0,0,86,728,1343,1,4.651,7.455,40.663,0
1,0,1,81,0,0,1,242,153,241,1,4.0,20.0,12.36,0
1,0,2,92,1,0,0,687,13757,1701,1,1.0,7.583,537.53,0
1,0,2,127,1,0,1,135,141558,571,1,2.0,16.667,13258.06,0
1,0,3,104,1,0,0,39,15178,24,1,10.256,19.5,2854.744,0
1,0,3,97,0,0,1,1415,89823,396,1,6.0,50.0,1313.64,0
1,0,3,43,0,1,0,1213,1682198,707,1,4.0,20.0,38981.48,0
1,0,2,34,0,0,0,728,16498,1165,1,2.0,3.583,1403.33,0
1,0,2,142,1,1,1,1636,15408,1162,1,2.0,20.0,303.08,0
1,0,4,94,1,0,1,535,654,347,1,2.0,1.5,90.95,0
1,0,2,91,1,0,1,240,846,642,1,2.0,1.667,77.81,0
1,0,2,132,1,1,0,240,365277,661,1,2.0,8.091,31891.57,0
1,0,1,29,1,1,1,1477,599291,1,1,3.0,33.333,17145.74,0
1,0,3,144,1,0,0,1154,86034,232,1,3.0,16.667,1982.02,0
1,0,2,37,0,0,1,279,113424,579,1,1.0,6.083,6477.94,0
1,0,6,84,0,0,1,237,2133,630,1,2.0,5.5,174.21,0
1,0,5,145,1,0,0,4343,642071,573,1,4.0,25.0,6242.75,0
1,0,2,0,0,0,0,76,605,592,0,1.316,0.333,47.474,0
1,0,2,41,0,1,1,643,253210,379,1,2.0,8.333,13256.12,0
1,0,2,23,0,0,0,34,3099,622,1,2.941,2.333,570.529,0
1,0,2,47,0,0,0,9,1420,1966,1,11.111,0.333,186.667,0
1,0,2,31,1,0,0,289,19605,1002,1,3.0,4.25,632.55,0
1,0,2,74,1,0,0,2225,26195,979,1,2.0,10.0,1646.06,0
1,0,2,148,1,0,0,212,6402,2717,1,2.0,5.417,241.61,0
1,0,2,0,1,1,1,129,204075,1,1,6.0,6.5,4936.84,0
1,0,2,16,1,1,1,1113,210260,0,1,5.0,50.0,3413.47,0
1,0,2,0,1,1,1,1167,451464,0,1,6.0,33.333,6146.9,0
1,0.167,0,0,0,0,0,0,56,110,0,0,0,0,0
1,0,5,147,0,0,1,291,7231,5813,1,5.0,20.0,56.17,0
1,0,2,0,0,0,0,160,535,371,1,3.0,2.833,59.47,0
1,0,1,29,0,0,1,79,2031,932,1,2.532,4.167,78.418,0
1,0,2,117,1,0,0,494,52429,315,1,1.0,8.333,4216.97,0
1,0,2,77,0,0,1,356,10797,1070,1,1.0,5.583,739.64,0
1,0,2,136,1,0,1,230,19918,2530,1,1.0,6.167,1820.73,0
1,0,2,148,1,0,0,1321,28113,3315,1,2.0,1.75,634.78,0
1,0,3,32,0,0,1,215,39507,979,1,1.0,5.75,1280.2,0
1,0,1,145,1,0,1,929,40785,3544,1,4.0,20.0,574.81,0
1,0,3,107,1,0,0,375,21032,874,1,3.0,11.111,967.64,0
1,0,2,45,0,0,0,1643,256808,443,1,4.0,33.333,16297.21,0
1,0,1,48,1,0,0,128,130240,608,1,2.0,5.833,6143.7,0
1,0,2,88,1,1,1,6631,7583924,108,1,9.0,50.0,95441.52,0
1,0,1,54,0,0,1,350,1195,1128,1,3.0,3.167,132.97,0
1,0,1,0,0,0,1,682,69254,6337,1,2.0,25.0,6092.82,0
1,0,2,57,1,0,1,17,1144,223,1,5.882,0.75,54.706,0
1,0,3,101,0,0,1,472,353,210,1,1.0,3.25,23.85,0
1,0,3,84,1,1,1,5765,156618,3475,1,4.0,25.0,1577.18,0
1,0.111,2,0,1,1,1,6606,278522,1411,1,6.0,25.0,3718.88,0
1,0,1,137,1,0,1,748,5722,3852,1,5.0,25.0,113.07,0
1,0,1,61,1,0,1,235,113739,27,1,3.0,4.429,637.98,0
1,0,2,15,1,0,1,177,1384,618,1,1.0,0.583,105.68,0
1,0.25,1,43,0,0,0,31,501,462,1,3.226,1.3,42.452,0
1,0,0,2,0,1,1,21,295085,637,1,4.762,5.25,13122.0,0
1,0,2,31,0,0,1,285,30566,1441,1,2.0,2.583,513.01,0
1,0,2,40,0,1,0,77,336650,543,1,2.597,4.75,22339.26,0
1,0,1,7,0,0,1,116,360,232,1,2.0,0.75,21.37,0
1,0,2,24,0,0,1,671,4043,662,1,2.0,14.286,39.5,0
1,0,2,134,0,0,0,379,47373,610,1,3.0,12.5,466.53,0
1,0,3,124,1,1,0,4436,61315,949,1,5.0,20.0,831.54,0
1,0,2,80,0,0,1,173,1034,959,1,2.0,4.667,81.83,0
1,0,1,104,0,0,1,544,3293,417,1,2.0,14.286,178.55,0
1,0,3,149,1,0,1,466,7900,1039,1,1.0,8.0,77.76,0
1,0,2,74,1,0,1,623,46330,2864,1,1.0,20.0,805.13,0
1,0,3,120,1,0,0,553,19504,2163,1,2.0,10.0,454.64,0
1,0,2,145,1,0,1,216,1698,526,1,2.0,2.417,143.02,0
1,0,3,12,0,0,0,124,1474,1016,1,2.0,1.333,127.17,0
1,0,2,144,0,0,1,1153,14489,2741,1,2.0,25.0,339.06,0
1,0,4,134,1,0,1,1621,60849,69,1,3.0,20.0,766.99,0
1,0,2,68,1,0,1,124,17108,2750,1,2.0,7.0,464.99,0
1,0,2,44,0,0,1,251,9596,727,1,2.0,1.545,1253.55,0
1,0,1,24,1,0,1,120,3358,1013,1,3.0,6.417,410.97,0
1,0,2,129,1,0,1,84,2435,1445,1,4.762,2.833,76.714,0
1,0,2,113,1,0,1,158,12494,976,1,1.0,6.25,246.17,0
1,0,3,67,0,0,1,1240,3548,893,1,1.0,6.917,297.03,0
1,0,3,74,0,0,1,96,3479,619,1,6.25,7.833,49.479,0
1,0,1,89,1,0,0,1770,90388,1394,1,4.0,50.0,2930.99,0
1,0,1,0,0,0,0,1694,6020,1453,1,2.0,2.917,113.14,0
1,0,2,49,1,0,1,9,1720,882,1,11.111,0.667,149.444,0
1,0,1,94,0,1,0,361,613189,883,1,1.0,10.0,78502.16,0
1,0,3,112,1,0,0,359,12832,489,1,2.0,12.5,413.04,0
1,0,3,96,1,0,0,443,130546,271,1,2.0,16.667,15275.52,0
1,0,2,34,1,0,0,219,1026,844,0,4.0,0,48.5,0
1,0,4,90,1,0,1,188,90379,586,1,2.0,10.0,12943.4,0
1,0,2,76,1,0,0,1070,682869,138,1,1.0,9.091,25315.16,0
1,0.429,3,21,1,0,1,198,21688,496,1,3.0,4.167,449.46,0
1,0,3,78,1,0,0,2045,19855,2332,1,2.0,12.5,944.67,0
1,0,2,118,1,1,0,1050,3375676,256,1,2.0,20.0,189525.1,0
1,0,2,133,1,1,0,2352,3971285,203,1,3.0,11.111,148578.39,0
1,0,2,36,1,1,1,403,17154271,405,1,4.0,14.286,1445273.77,0
1,0.1,2,147,1,0,0,2430,29481,1534,1,6.0,4.25,466.58,0
1,0,2,0,0,0,0,18,678,296,1,5.556,1.417,131.111,0
1,0,4,111,1,1,0,611,964653,2298,1,1.0,0.364,41592.68,0
1,0,2,131,1,0,0,327,177363,290,1,2.0,25.0,20247.64,0
1,0,3,71,1,0,1,112,21880,80,1,3.0,8.333,4548.32,0
1,0,2,68,1,0,0,42,735849,553,1,2.381,3.091,109568.952,0
1,0,2,123,1,1,0,2579,1761790,267,1,2.0,8.333,51772.96,0
1,0,2,131,1,1,0,1130,2477634,1870,1,2.0,14.286,272894.46,0
1,0,2,90,1,1,0,166,1661618,150,1,1.0,5.083,281640.36,0
1,0,4,90,0,1,0,2846,2320254,188,1,1.0,7.0,113684.16,0
1,0,3,123,1,0,0,196,41230,581,1,2.0,9.091,804.95,0
1,0,2,93,0,1,0,361,139547,1971,1,3.0,7.333,3977.61,0
1,0,1,91,1,0,0,57,741190,743,1,1.754,4.083,107332.772,0
1,0,1,116,1,1,0,210,1973162,96,1,1.0,6.417,212067.46,0
1,0,1,32,0,0,1,24,1772,1531,1,4.167,0.333,458.708,0
1,0,1,61,0,0,0,9,1125,951,1,11.111,0.75,89.889,0
1,0,5,150,0,0,0,2436,43289,7484,1,2.0,8.0,1159.15,0
1,0,1,27,1,1,1,32,2328203,414,1,9.375,6.4,137283.438,0
1,0,2,141,0,1,0,243,214644,1779,1,2.0,9.091,13695.85,0
1,0,2,90,0,0,1,538,171982,972,1,2.0,5.25,13457.97,0
1,0,2,63,1,1,1,1365,2165172,193,1,4.0,14.286,208096.38,0
1,0,3,6,0,0,1,10,1409,518,1,10.0,0.5,221.0,0
1,0,2,77,0,0,0,709,149253,122,1,2.0,25.0,3675.24,0
1,0,2,130,1,1,1,1298,1260714,0,1,2.0,20.0,52867.27,0
1,0,4,136,1,0,1,8291,481159,5814,1,10.0,100.0,2248.52,0
1,0,2,118,0,0,1,243,82230,137,1,1.0,9.091,4759.38,0
1,0,3,104,1,0,1,24,1803,391,1,4.167,2.667,290.333,0
1,0.083,2,73,0,0,1,21,480,619,1,4.762,0.667,90.857,0
1,0,2,2,0,0,0,38,1154,1712,0,5.263,0,171.316,0
1,0,1,66,1,0,1,81,792,753,1,1.235,1.917,208.173,0
1,0,2,0,0,0,0,23,507,1658,0,4.348,0,34.565,0
1,0,0,84,0,0,0,162,729,378,1,2.0,1.167,143.96,0
1,0,1,131,0,0,1,334,1385,630,1,3.0,16.667,73.96,0
1,0,2,144,0,0,1,25,1107,960,1,4.0,0.9,197.0,0
1,0,2,42,1,0,0,21,307,326,1,9.524,1.6,87.095,0
1,0,2,20,0,0,1,23,352,336,0,4.348,0.182,83.739,0
1,0,2,2,0,0,0,20,732,362,1,5.263,1.091,204.895,0
1,0,1,68,0,0,1,16,370,679,1,6.25,0.636,70.25,0
1,0,3,30,0,0,1,12,896,602,1,8.333,0.333,248.417,0
1,0,2,86,0,0,1,14,1051,261,1,7.143,1.222,201.071,0
1,0,2,6,0,0,0,9,1433,501,1,11.111,0.857,203.556,0
1,0,2,96,0,0,1,73,879,818,1,1.37,0.636,193.932,0
1,0,3,27,0,0,1,168,1509,839,1,1.0,0.417,203.28,0
1,0,2,32,0,0,0,9,745,625,1,11.111,0.2,220.556,0
1,0,2,25,0,0,1,31,437,571,1,6.452,0.25,72.194,0
1,0.095,2,22,0,0,0,46,638,470,1,2.174,0.727,96.761,0
1,0,2,36,0,0,1,134,1122,1077,1,1.0,0.5,119.83,0
1,0,1,47,0,0,1,16,894,1211,0,6.25,0.2,152.5,0
1,0,3,97,0,0,0,18,339,187,1,5.556,0.75,66.944,0
1,0,2,18,0,0,1,43,707,540,1,2.326,1.1,135.674,0
1,0.167,2,14,1,0,0,338,783,872,1,1.0,1.25,98.74,0
1,0,2,42,0,0,0,542,1574,905,1,1.0,1.167,265.52,0
1,0,2,17,0,0,0,158,1015,427,1,1.0,4.167,217.43,0
1,0,1,29,0,0,1,14,552,929,1,7.143,0.667,132.071,0
1,0,3,89,1,0,1,39,484,422,1,2.564,5.571,37.615,0
1,0,1,8,0,0,1,50,322,486,0,8.0,0.222,39.84,0
1,0,2,82,0,0,1,123,1606,912,1,1.0,4.25,113.44,0
1,0,2,104,0,0,1,78,444,314,1,2.564,1.667,51.41,0
1,0,2,0,0,0,0,27,882,380,1,3.704,1.273,186.0,0
1,0,3,43,0,0,0,79,119552,357,1,1.266,6.083,7435.873,0
1,0,1,40,0,0,0,11,352,767,1,9.091,0.917,106.091,0
1,0.118,5,136,0,0,1,24,963,395,1,12.5,4.0,191.292,0
1,0.133,1,104,0,0,0,33,995,817,1,3.03,0.667,231.242,0
1,0,2,92,0,0,0,22,478,487,1,4.762,3.0,128.905,0
1,0,2,59,0,0,0,20,289,230,1,5.0,1.083,117.05,0
1,0,2,90,0,0,1,32,768,518,1,3.125,0.917,193.062,0
1,0,2,0,0,0,0,14,655,336,1,7.143,0.667,145.286,0
1,0,2,28,0,0,1,30,825,511,1,3.333,0.5,204.633,0
1,0,1,49,0,0,1,46,822,2063,1,2.174,0.667,164.609,0
1,0,2,18,0,0,0,8,721,1445,1,12.5,0.444,164.625,0
1,0.111,2,77,0,1,1,58,427974,505,1,1.724,3.917,36985.983,0
1,0,1,58,1,0,1,8,957,1706,1,12.5,0.727,92.25,0
1,0,2,88,1,0,1,42,1261,263,1,2.381,1.0,208.81,0
1,0,2,32,1,0,1,25,1845,692,1,4.0,0.818,460.4,0
1,0.083,2,79,0,0,1,164,1195,546,1,2.0,1.167,176.69,0
1,0,3,134,0,0,1,57,1290,1286,1,3.509,6.333,182.842,0
1,0,3,12,0,0,1,31,1996,840,1,9.677,1.333,274.419,0
1,0,1,29,0,0,1,37,1486,658,1,2.703,1.75,182.162,0
1,0,1,19,0,0,1,10,1604,393,1,10.0,0.833,146.8,0
1,0,1,61,1,0,1,34,1132,772,1,2.941,0.833,132.118,0
1,0,1,24,0,0,1,155,1370,720,1,2.0,1.5,116.49,0
1,0,2,36,0,0,0,622,997,1026,1,3.0,2.25,151.25,0
1,0,1,48,0,0,1,9,671,423,1,11.111,0.333,89.778,0
1,0,2,15,0,0,1,29,704,610,1,6.897,0.25,112.207,0
1,0.2,2,27,0,0,1,23,351,536,1,4.348,0.75,69.043,0
1,0,3,71,0,0,0,17,103,130,1,17.647,5.667,18.765,0
1,0,2,86,0,0,1,249,1627,719,1,2.0,3.25,212.96,0
1,0,2,9,0,0,1,2055,1268,1805,1,3.0,5.333,112.43,0
1,0,2,8,0,0,1,63,1818,273,1,1.587,2.0,323.968,0
1,0,2,56,0,0,1,635,1665,651,1,1.0,5.75,116.39,0
1,0,0,0,0,0,0,63,333,356,1,68.254,7.0,14.683,0
1,0,2,4,0,0,0,21,740,773,1,14.286,3.5,110.095,0
1,0,1,10,0,0,0,510,815,607,1,2.0,1.667,87.64,0
1,0,2,73,0,0,1,50,1236,549,1,2.0,2.0,221.52,0
1,0,2,27,0,0,1,80,523,374,1,1.25,2.636,78.85,0
1,0,3,136,1,0,1,820,1730,4034,1,15.0,20.0,34.63,0
1,0,2,6,0,0,0,63,285,282,1,4.762,1.833,29.19,0
1,0,1,65,0,0,0,35,1039,907,1,2.857,1.364,188.8,0
1,0.5,3,143,0,0,1,165,846,347,1,1.0,3.167,140.89,0
1,0,1,18,1,0,0,113,1158,581,1,2.0,3.167,120.43,0
1,0.444,4,140,0,0,1,1011,548,727,1,3.0,12.5,29.7,0
1,0,2,44,0,0,1,650,655,815,1,5.0,1.833,52.4,0
1,0,2,1,0,0,0,261,1287,1456,1,3.0,2.083,82.13,0
1,0,2,0,0,0,0,17,1773,36,0,5.882,0.333,119.824,0
1,0,1,24,0,0,1,162,1141,384,1,2.0,1.333,251.09,0
1,0,1,31,1,0,0,867,984,423,1,3.0,2.333,128.36,0
1,0,2,102,0,0,0,408,1705,2270,1,2.0,16.667,182.99,0
1,0,1,118,1,0,1,80,5609,199,1,2.5,1.0,257.75,0
1,0,5,146,1,0,1,809,47767,448,1,2.0,3.083,3734.0,0
1,0,1,13,1,1,0,178,4609755,1,1,4.0,5.333,565325.05,0
1,0,2,24,1,1,0,1518,7706933,374,1,5.0,25.0,232441.44,0
1,0,1,13,1,1,1,7075,3778718,0,1,8.0,100.0,13118.12,0
1,0,2,0,0,0,0,240,32492,309,1,2.0,1.583,1257.27,0
1,0.091,4,122,1,0,0,76,96766,280,1,2.632,3.5,10940.053,0
1,0,0,130,0,0,0,161,198912,322,1,1.0,4.333,21381.46,0
1,0,3,133,0,0,0,38,212353,94,1,5.263,1.667,21091.5,0
1,0.143,1,2,0,0,0,158,177800,346,1,3.0,4.083,22619.29,0
1,0,2,22,1,1,0,356,146679,126,1,3.0,4.583,14323.29,0
1,0,1,36,1,0,0,213,269282,172,1,1.0,7.833,30702.15,0
1,0,1,86,1,0,1,259,240174,124,1,2.0,10.0,19061.88,0
1,0,2,114,1,1,0,535,10242135,971,1,4.0,16.667,776006.17,0
1,0,1,18,0,0,1,30,31749,49,1,3.333,0.7,2565.4,0
1,0.083,4,75,1,0,0,755,233295,476,1,4.0,7.833,23485.31,0
1,0.111,1,104,1,0,1,191,247990,351,1,2.0,7.5,23715.95,0
1,0,2,115,1,0,0,350,592070,396,1,2.0,3.417,71762.68,0
1,0,6,110,0,0,1,457,81805,344,1,4.0,8.333,4710.45,0
1,0,0,99,0,0,0,2605,83868,486,1,3.0,33.333,3052.89,0
1,0,2,129,1,0,0,103,197117,298,1,2.0,1.167,22413.66,0
1,0.125,1,50,1,0,0,77,260256,186,1,2.632,2.083,30746.395,0
1,0,4,136,1,0,0,403,202697,35,1,2.0,5.5,19846.64,0
1,0,2,35,1,0,0,38,202454,88,1,2.857,0.833,37313.571,0
1,0.071,1,41,0,0,1,25,15429,216,1,4.0,1.5,633.8,0
1,0,4,20,0,0,0,96,63876,135,0,2.083,0.182,4548.99,0
1,0,1,90,1,0,1,612,3301277,225,1,4.0,14.286,234245.31,0
1,0.056,2,41,0,0,0,5592,778558,117,1,14.0,33.333,26289.16,0
1,0,1,139,1,0,0,446,352523,489,1,1.0,4.667,32540.84,0
1,0,2,70,1,0,0,237,55343,633,1,4.0,6.333,7593.14,0
1,0.1,1,77,1,0,0,41,109078,265,1,2.5,0.75,13479.525,0
1,0,1,17,1,0,0,277,52760,568,1,3.0,1.167,4540.66,0
1,0,4,60,0,0,1,1097,181143,234,1,1.0,25.0,12009.3,0
1,0.1,1,32,1,0,0,519,429181,376,1,2.0,0.727,42586.92,0
1,0,1,144,1,0,0,255,223473,122,1,2.0,8.333,23072.41,0
1,0,2,124,1,1,1,72,410171,0,1,12.5,3.083,41462.625,0
1,0,3,150,1,0,1,2058,29407,2,1,9.0,33.333,130.32,0
1,0,1,68,1,1,1,1403,720777,214,1,2.0,1.5,40485.04,0
1,0,3,61,1,1,0,94,1481694,127,1,2.128,0.455,57405.011,0
1,0,4,77,1,0,1,1146,21655,1094,1,2.0,11.111,428.04,0
1,0,1,84,1,0,0,46,68179,1,0,13.043,0,9484.5,0
1,0,2,34,1,1,1,92,478428,47,1,3.261,3.917,27253.533,0
1,0,2,54,1,1,1,312,1573420,341,1,2.0,5.75,140972.38,0
1,0,2,13,1,1,1,710,2801309,942,1,2.0,9.091,134734.6,0
1,0.167,2,14,1,0,0,338,783,872,1,1.0,1.25,98.74,0
1,0,3,54,0,0,1,284,72371,1093,1,2.0,5.25,3181.58,0
1,0,2,0,0,0,0,27,16958,38,1,7.407,0.75,2019.852,0
1,0,2,124,1,0,0,122,18821,4,0,1.0,0,1439.16,0
1,0,3,37,1,1,0,147,509147,128,1,3.0,0.667,40188.49,0
1,0,3,128,1,0,1,337,11396,32,1,3.0,7.5,227.97,0
1,0,0,52,0,0,0,121,26465,115,0,3.0,0,1432.85,0
1,0,2,32,1,0,1,138,12847,20,1,2.0,2.0,399.41,0
1,0,2,49,0,0,1,2099,122098,499,1,2.0,3.917,5010.25,0
1,0.077,4,148,0,0,1,221,14130,3,1,3.0,0.455,403.19,0
1,0,1,44,1,0,1,625,27989,568,1,1.0,10.0,692.48,0
1,0,2,34,1,0,1,1582,52032,974,1,4.0,33.333,588.28,0
1,0,1,85,1,0,0,1617,91189,425,1,3.0,7.333,3279.83,0
1,0,2,50,1,0,1,754,66498,843,1,2.0,4.333,1259.19,0
1,0.267,2,124,1,0,0,402,77708,1135,1,2.0,9.091,2828.54,0
1,0,2,60,1,1,0,1231,1373431,120,1,3.0,20.0,112004.67,0
1,0,3,0,0,0,1,16,482,436,1,6.25,0.333,96.812,0
1,0.182,2,144,0,1,0,1831,157772,466,1,2.0,12.5,8574.27,0
1,0.1,2,97,0,1,0,56,31074,388,1,3.571,5.091,1104.804,0
1,0,2,106,1,1,1,1187,900627,497,1,2.0,14.286,15679.71,0
1,0,6,111,0,0,1,250,41979,1577,1,2.0,0.25,839.14,0
1,0,1,7,1,0,1,468,2011,795,1,1.0,3.0,213.84,0
1,0,2,0,0,1,0,293,287045,1069,1,6.0,2.25,13267.36,0
1,0,2,87,1,1,0,57,179806,79,1,3.509,8.143,17811.368,0
1,0,2,92,1,1,1,4477,1493744,81,1,9.0,100.0,3809.4,0
1,0,2,36,1,1,1,2126,3571337,312,1,4.0,50.0,99390.41,0
1,0,2,88,0,0,1,173,1752,991,1,2.0,2.0,351.4,0
1,0,1,0,0,0,1,103,457,414,1,1.0,2.5,112.91,0
1,0,1,72,0,0,0,43,755,837,1,6.977,0.6,147.558,0
1,0,2,16,0,0,1,235,2025,614,1,1.0,1.0,310.78,0
1,0,1,5,0,0,1,18,672,486,1,5.556,0.6,195.056,0
1,0,3,67,1,1,1,12673,37601089,81,1,7.0,100.0,212327.89,0
1,0,3,31,0,1,0,527,299238,327,1,3.0,16.667,16819.06,0
1,0.083,4,128,1,1,0,592,66099,156,1,2.0,12.5,1914.82,0
1,0.143,2,105,1,1,1,847,37023,1830,1,3.0,4.083,2435.04,0
1,0,3,0,0,1,0,0,390012,941,0,0,0,0,0
1,0,2,88,1,1,1,3575,7979365,343,1,5.0,33.333,82266.98,0
1,0,2,38,1,1,0,659,2835045,587,1,2.0,10.0,294069.46,0
1,0,2,145,1,1,0,786,15023801,0,1,4.0,20.0,285578.03,0
1,0,2,59,0,0,0,394,1384,868,1,1.0,6.083,261.23,0
1,0,4,0,0,1,0,444,45968480,45,1,9.0,8.333,2336050.16,0
1,0,4,93,1,1,0,563,974513,2094,1,2.0,8.333,39410.73,0
1,0,2,3,0,0,0,21,816,555,0,4.762,0.111,83.524,0
1,0.182,4,70,1,1,0,901,54722,149,1,2.0,4.833,2749.82,0
1,0,2,3,1,1,1,1435,4707629,547,1,2.0,5.5,399511.36,0
1,0.05,4,0,0,1,0,171,248020,284,1,2.0,3.909,8490.42,0
1,0,3,12,1,1,1,2871,1771523,70,1,5.0,33.333,17978.57,0
1,0,1,39,0,1,1,822,110827,166,1,2.0,10.0,7478.92,0
1,0.286,2,97,0,1,1,1625,381134,377,1,3.0,9.091,17534.72,0
1,0,3,78,1,1,1,6975,687177,410,1,17.0,100.0,16723.01,0
1,0,2,12,0,1,1,392,3868071,389,1,3.0,4.75,189018.5,0
1,0,5,75,1,1,1,4248,1303745,350,1,11.0,100.0,19760.57,0
1,0,4,23,0,0,0,10,37,35,1,20.0,1.25,16.4,0
1,0.182,2,63,0,0,0,9,803,976,0,11.111,0.091,97.889,0
1,0.286,2,30,0,0,0,3,1513,698,1,33.333,3.0,184.667,0
1,0,1,17,0,0,0,22,1939,738,1,4.545,0.917,311.818,0
1,0,5,95,1,0,0,160,5197,1061,1,2.0,16.667,279.87,0
1,0,3,27,1,0,1,138,689,748,1,2.0,7.667,78.32,0
1,0,1,5,0,0,1,9,8840,1085,1,22.222,0.333,334.333,0
1,0,0,5,0,0,0,0,469,354,0,0,0,0,0
1,0,2,9,0,0,0,85,404,249,1,2.353,0.917,31.424,0
1,0,0,23,0,0,0,1,1151,1281,0,100.0,0.111,364.0,0
1,0,2,137,1,1,0,2762,979273,2192,1,3.0,25.0,31003.29,0
1,0,1,113,1,1,0,517,1228746,806,1,2.0,7.167,40044.57,0
0,0,0,0,0,1,1,0,49658,257,0,0,0,0,0
1,0.2,2,146,0,1,0,87,506941,790,1,2.299,3.083,26181.034,0
1,0,0,79,0,1,0,1952,1102911,564,1,3.0,12.5,63587.32,0
1,0,3,149,0,1,1,15296,16484797,750,1,9.0,100.0,293672.45,0
1,0,2,34,1,0,1,170,1757,811,1,2.0,0.375,203.27,0
1,0,2,110,0,1,0,1323,1465718,708,1,2.0,9.091,48966.38,0
1,0,2,12,1,1,0,397,3021987,396,1,3.0,10.0,171120.78,0
1,0,2,26,1,1,0,245,5520688,102,1,2.0,9.091,395342.67,0
1,0,2,103,1,1,0,5421,6355703,503,1,4.0,33.333,119817.49,0
1,0,2,0,0,1,0,1143,621967,16,1,7.0,20.0,6854.16,0
1,0,3,0,0,0,0,47,7611,2273,1,4.255,1.5,868.894,0
1,0,3,49,0,0,0,38,704,313,1,2.632,0.778,132.737,0
1,0,2,45,1,1,0,482,873038,234,1,3.0,9.091,36779.14,0
1,0.5,2,86,1,1,1,8869,9172753,53,1,16.0,100.0,147371.24,0
1,0,1,0,1,1,0,4953,64876038,2194,1,4.0,14.286,1308540.22,0
1,0,2,11,1,0,0,160,1169,682,1,1.0,2.0,141.54,0
1,0,1,63,1,0,1,2319,197226,993,1,7.0,50.0,19764.07,0
1,0,2,111,0,0,1,153,2103,1660,1,2.0,14.286,239.65,0
1,0,1,17,0,0,0,57,682,561,1,1.754,2.636,75.053,0
1,0,2,0,0,1,0,1990,62417041,330,1,4.0,20.0,1960390.08,0
1,0,2,91,1,1,1,28561,12531437,579,1,17.0,100.0,265202.49,0
1,0,1,124,1,1,1,30238,16463575,559,1,15.0,100.0,364829.14,0
1,0,2,129,1,1,1,769,6842560,82,1,3.0,14.286,84136.93,0
1,0,2,99,1,0,0,35,90630,35,1,2.857,3.091,4588.429,0
1,0,2,99,1,0,1,8,87666,29,1,25.0,1.6,4502.5,0
1,0,1,105,1,0,1,170,1335,885,1,1.0,1.25,197.55,0
1,0,2,111,1,0,1,37,798,709,1,2.703,1.083,151.541,0
1,0,1,37,1,1,1,2772,16448666,1350,1,6.0,25.0,335989.16,0
1,0,5,139,1,1,0,2784,4252054,366,1,2.0,25.0,52734.13,0
1,0,2,145,1,0,0,637,137374,541,1,4.0,1.75,7498.44,0
1,0,2,0,0,0,1,20,656,958,1,5.0,0.25,114.55,0
1,0.077,2,40,0,0,1,115,3658,959,1,1.0,7.917,321.95,0
1,0,2,0,1,1,0,878,6962225,1152,1,2.0,9.091,154095.09,0
1,0,1,22,1,1,1,1882,103711,159,1,4.0,14.286,2566.61,0
1,0,2,10,0,0,1,43,648,457,1,4.651,0.8,92.395,0
1,0,4,94,1,1,0,813,608584,469,1,2.0,16.667,25478.3,0
1,0,2,24,0,1,0,1304,37401616,854,1,4.0,12.5,915985.76,0
1,0.167,2,116,0,0,0,103,314,265,1,6.0,1.25,33.65,0
1,0,1,67,0,0,1,70,9419,2191,1,1.429,5.417,1197.157,0
1,0,2,31,1,1,0,261,1824298,29,1,2.0,7.25,136747.77,0
1,0,2,35,0,0,1,334,3455,650,1,2.0,4.083,373.23,0
1,0,2,12,0,0,1,306,6762,1299,1,2.0,7.75,507.48,0
1,0,1,0,0,0,0,140,176,273,1,3.0,3.667,30.09,0
1,0,1,0,0,0,1,72,1760,401,1,1.389,1.833,369.764,0
1,0,2,52,1,0,0,4,1103,1226,1,25.0,0.8,273.5,0
1,0,2,42,0,0,0,27,739,934,1,3.704,2.083,89.741,0
1,0,2,123,0,0,1,47,191,68,0,6.383,0.5,34.66,0
1,0.105,2,15,0,0,0,11,1160,212,1,10.0,0.889,252.9,0
1,0,2,31,0,0,1,156,844,799,1,1.0,0.727,103.29,0
1,0,1,67,0,0,1,4,407,618,0,25.0,0,113.25,0
1,0,2,46,0,0,0,65,499,400,1,3.077,0.444,51.092,0
1,0,2,33,0,0,1,173,823,514,1,1.0,3.5,90.48,0
1,0,4,14,1,0,1,15,512,250,1,6.667,0.25,132.2,0
1,0,3,142,0,0,0,80,1058,352,1,1.25,1.5,119.45,0
1,0.2,2,138,1,0,0,198,1275,851,1,1.0,1.667,161.18,0
1,0,2,32,0,0,1,70,1034,995,1,1.429,1.545,184.514,0
1,0.105,2,2,0,0,1,103,1469,377,1,1.0,9.091,61.6,0
1,0,9,26,0,0,1,51,1211,353,1,1.961,2.583,118.745,0
1,0,2,19,0,0,0,3,755,711,1,33.333,0.222,145.0,0
1,0,2,30,0,0,1,41,379,538,1,4.878,0.727,35.439,0
1,0,2,0,0,0,0,6,309,331,1,16.667,0.222,78.167,0
1,0,3,0,0,0,0,553,983,781,1,2.0,3.167,89.95,0
1,0,2,132,0,0,1,92,858,414,1,2.174,4.0,63.402,0
1,0,2,0,0,0,0,14,1342,385,1,7.143,0.182,305.571,0
1,0,2,0,0,0,1,20,874,546,1,10.0,0.545,211.15,0
1,0,2,34,0,0,0,17,543,619,1,5.882,0.7,120.235,0
1,0,2,0,0,0,0,4,102,102,1,25.0,1.0,21.25,0
1,0.2,2,0,0,0,0,7,255,275,0,14.286,0.167,35.143,0
1,0,3,0,0,0,0,57,627,405,1,1.754,0.2,78.947,0
1,0.095,2,0,0,0,0,13,467,565,1,7.692,0.917,84.154,0
1,0,2,9,0,0,1,16,460,506,1,6.25,0.364,144.312,0
1,0.25,2,0,0,0,1,132,324,515,1,1.0,0.636,45.85,0
1,0.059,2,60,0,0,0,100,377,318,1,2.0,2.5,39.89,0
1,0,3,86,0,0,0,24,392,362,1,4.167,0.429,101.5,0
1,0,1,22,1,0,1,210,1302,2909,1,2.0,4.083,263.17,0
1,0,5,146,0,0,1,32,125,202,1,3.125,1.667,34.031,0
1,0,2,31,0,0,1,14,1051,854,1,7.143,0.833,173.071,0
1,0,2,98,0,0,0,24,290,239,1,16.667,2.667,42.375,0
1,0,2,34,0,0,0,17,254,237,1,11.765,0.333,28.059,0
1,0,2,13,0,0,1,19,2092,2129,1,15.789,1.6,115.842,0
1,0,2,0,0,0,0,21,674,853,1,4.762,4.2,134.857,0
1,0,2,10,0,0,0,106,1589,1909,1,2.0,4.917,224.23,0
1,0,2,15,0,0,0,35,981,457,1,2.857,1.917,138.543,0
1,0.182,2,15,0,0,1,16,458,1019,1,6.25,0.833,64.688,0
1,0,2,21,1,0,0,81,401,253,1,1.235,0.667,39.864,0
1,0,2,0,0,0,0,19,480,435,0,5.263,0,57.158,0
1,0,1,0,0,0,1,71,1183,308,1,2.817,0.333,117.014,0
1,0,3,0,0,0,0,136,235,407,1,5.0,1.455,20.11,0
1,0,1,91,0,0,1,69,572,619,1,4.348,0.333,49.957,0
1,0,3,41,0,0,0,3,65,134,1,33.333,0.5,13.0,0
1,0,2,0,0,0,1,12,5626,566,1,8.333,0.8,1491.25,0
1,0,2,46,0,0,0,128,744,346,1,3.0,0.375,31.26,0
1,0,2,0,0,0,0,10,252,393,0,10.0,0,69.7,0
1,0,1,122,0,0,1,8,565,495,1,12.5,0.875,122.125,0
1,0,1,45,0,0,0,38,375,387,1,5.263,0.25,43.211,0
1,0,2,19,0,0,0,56,574,776,1,1.786,0.333,70.732,0
1,0,1,48,0,0,1,22,965,667,1,4.545,1.545,188.091,0
1,0,3,48,1,0,0,316,3211,1022,1,2.0,7.333,122.22,0
1,0,2,39,1,0,1,1566,59336,802,1,2.0,14.286,4192.98,0
1,0,2,11,0,0,1,10,328,539,1,10.0,0.833,90.3,0
1,0,1,6,0,0,0,12,2796,818,1,8.333,0.818,494.167,0
1,0,2,22,1,0,0,31,1217,1185,1,3.226,1.917,215.419,0
1,0,4,22,1,0,0,9,547,503,0,11.111,0.143,142.222,0
1,0,1,21,1,0,0,15,1386,1594,1,6.667,1.273,341.2,0
1,0,1,5,0,0,0,64,905,677,1,3.125,0.5,99.156,0
1,0,1,13,0,0,1,192,1489,971,1,1.0,1.5,293.69,0
1,0.2,1,18,1,0,0,25,735,707,1,8.0,1.5,84.64,0
1,0,3,56,1,0,0,68,1197,923,1,2.941,4.167,85.279,0
1,0.222,5,53,0,0,1,517,85011,41,1,3.0,50.0,5238.52,0
1,0.143,0,3,0,0,0,2,350,308,1,50.0,1.0,124.0,0
1,0,1,5,0,0,0,11,1933,517,1,9.091,1.0,302.909,0
1,0,3,101,0,0,1,124,1461,916,1,1.0,1.091,304.15,0
1,0,2,29,0,0,1,193,2002,466,1,2.0,5.333,305.98,0
1,0,2,135,0,0,0,31,176,490,1,9.677,1.3,31.645,0
1,0,2,8,0,0,1,52,616,576,1,5.769,0.375,55.577,0
1,0,4,81,0,0,1,24,873,471,1,4.167,0.429,248.292,0
1,0,2,145,1,0,1,2784,347345,4,1,4.0,50.0,29774.83,0
1,0,1,125,1,0,1,15,291,11,1,6.667,0.583,23.933,0
1,0,3,20,0,0,1,31,1243,866,1,3.226,0.727,244.645,0
1,0,2,34,0,0,0,2,227,241,1,50.0,0.667,95.0,0
1,0,1,67,0,0,1,4,408,407,0,25.0,0,41.0,0
1,0,2,110,0,0,0,74,975,933,1,1.351,1.333,141.689,0
1,0,1,133,0,0,0,26,538,938,1,3.846,1.4,88.038,0
1,0,2,1,0,0,1,51,526,82,1,1.961,0.2,51.098,0
1,0,2,0,0,0,0,28,522,354,1,3.571,0.25,124.179,0
1,0.222,2,0,0,0,0,43,1034,1356,0,4.651,0.333,83.395,0
1,0.077,2,146,0,0,1,2098,59370,575,1,2.0,12.5,2112.65,0
1,0,2,59,0,0,1,10,823,400,1,10.0,0.714,238.1,0
1,0,2,149,0,0,0,66,539,840,1,3.03,0.917,38.682,0
1,0,1,0,0,0,0,187,313,444,1,2.0,2.417,41.28,0
1,0,2,0,0,0,0,71,762,539,0,2.817,0.417,43.704,0
1,0,2,0,0,0,0,22,868,500,1,4.545,0.364,152.545,0
1,0,2,0,1,0,0,28,529,417,1,3.571,0.364,84.179,0
1,0,1,64,0,0,0,181,1192,767,1,2.0,1.0,119.42,0
1,0.125,2,62,0,0,0,28,417,311,1,3.571,0.909,98.893,0
1,0,0,0,0,0,0,83,586,576,1,1.205,1.167,102.952,0
1,0,2,150,0,0,0,17,233,204,1,5.882,2.125,47.353,0
1,0.25,2,6,0,0,0,58,727,464,1,1.724,0.333,70.707,0
1,0,2,13,0,0,0,15,395,630,1,6.667,0.9,76.8,0
1,0,2,78,0,0,0,340,419,1229,1,3.0,2.583,41.91,0
1,0.286,2,102,0,0,1,153,427,736,1,1.0,1.167,68.01,0
1,0,2,0,0,0,0,5,255,302,1,20.0,0.2,74.2,0
0,0,1,0,0,0,0,0,9,516,0,0,0,0,1
1,0,0,0,0,0,0,3,90,6152,0,66.667,0,140.333,1
0,0,1,0,0,0,0,0,6,530,0,0,0,0,1
1,0,1,0,0,0,0,2,63,4574,0,100.0,0,190.0,1
1,0,1,0,0,0,0,3,85,6152,0,66.667,0,143.667,1
1,0.444,1,0,0,0,0,1,2,198,0,100.0,0,3.0,1
1,0,0,0,0,0,0,5,79,5050,0,100.0,0,74.0,1
1,0,2,0,0,0,0,1,38,414,0,100.0,0,13.0,1
1,0,0,0,0,0,0,3,87,6180,0,100.0,0,172.333,1
0,0.391,2,0,0,0,0,1,32,207,0,100.0,0,28.0,1
1,0,0,0,0,0,0,7,85,6188,0,42.857,0,81.571,1
1,0,0,0,0,0,0,3,95,3172,0,100.0,0,86.333,1
1,0,1,0,0,0,0,2,70,6302,0,100.0,0,224.5,1
1,0,1,0,0,0,0,2,65,3127,0,100.0,0,111.5,1
1,0,4,65,0,0,0,41,507,2873,0,24.39,0,21.756,1
1,0.538,1,5,0,0,0,3,310,6889,0,33.333,0,26.0,1
1,0,0,0,0,0,0,3,64,3561,0,100.0,0,112.333,1
1,0,1,0,0,0,0,3,76,6290,0,66.667,0,170.333,1
1,0,1,0,0,0,0,7,3,39,0,71.429,0,2.0,1
1,0.125,0,0,0,0,0,5,84,4501,0,100.0,0,72.8,1
1,0,1,0,0,0,1,6,51,2413,0,16.667,0,17.5,1
1,0,1,0,0,0,0,6,91,6151,0,50.0,0,106.667,1
1,0,1,0,0,0,0,4,76,4925,0,100.0,0,120.75,1
1,0,1,0,0,0,0,2,77,6366,0,100.0,0,222.0,1
1,0.273,1,0,0,0,0,1,57,6878,0,100.0,0,57.0,1
1,0,1,0,0,0,0,2,54,4133,0,100.0,0,144.0,1
1,0,1,0,0,0,0,5,79,5972,0,40.0,0,99.8,1
0,0,1,0,0,0,0,0,163,782,0,0,0,0,1
1,0,1,0,0,0,0,1,2,311,0,100.0,0,7.0,1
1,0,2,88,0,0,0,99,235,3005,1,2.02,0.333,30.697,1
1,0,1,0,0,0,0,4,64,4448,0,100.0,0,101.5,1
1,0,1,0,0,0,0,2,78,6108,0,50.0,0,179.0,1
1,0,1,0,0,0,0,5,85,6008,0,100.0,0,110.0,1
1,0.2,2,0,0,0,0,24,128,885,0,8.333,0,10.708,1
1,0,0,0,0,0,0,2,12,2176,0,100.0,0,102.0,1
1,0.176,2,24,0,0,0,10,148,309,0,20.0,0,54.6,1
1,0,1,0,0,0,0,3,52,2904,0,66.667,0,111.0,1
0,0.25,1,0,0,0,0,1,27,203,0,100.0,0,4.0,1
1,0.111,0,0,0,0,0,4,81,6102,0,50.0,0,118.5,1
1,0,1,0,0,0,0,6,62,4034,0,50.0,0,78.0,1
1,0,1,0,0,0,0,412,131,829,0,8.0,0,13.19,1
0,0.118,1,0,0,0,0,0,16,513,0,0,0,0,1
1,0.167,1,0,0,0,0,6,177,6428,0,100.0,0,11.5,1
1,0.429,2,22,0,0,0,0,28,1361,0,0,0,0,1
1,0,3,0,0,0,0,4,162,588,0,75.0,0,41.0,1
1,0,0,0,0,0,0,2,78,6162,0,100.0,0,178.0,1
1,0,1,0,0,0,0,4,84,6104,0,100.0,0,125.5,1
1,0,1,0,0,0,0,1,74,6618,0,100.0,0,101.0,1
1,0.444,3,0,0,0,0,42,785,6193,0,14.286,0,52.476,1
1,0,0,0,0,0,0,4,84,5958,0,50.0,0,132.5,1
1,0.25,1,0,0,0,0,2,14,532,0,100.0,0,8.0,1
1,0.182,2,94,0,0,0,5,552,5509,0,40.0,0,112.8,1
1,0,1,0,0,0,0,3,78,4839,0,100.0,0,123.333,1
1,0,1,0,0,0,0,3,70,6107,0,100.0,0,163.0,1
1,0,0,0,0,0,0,2,23,2721,0,100.0,0,127.5,1
1,0.5,0,0,0,0,0,8,84,7112,1,25.0,0.273,31.375,1
0,0.5,0,0,0,0,0,0,358,2020,0,0,0,0,1
1,0,1,0,0,0,0,4,78,6195,0,75.0,0,116.0,1
1,0,0,0,0,0,0,2,80,6197,0,100.0,0,188.0,1
1,0,2,0,0,0,0,57,45,899,0,78.947,0,0.158,1
1,0.571,1,10,0,0,0,0,5,96,0,0,0,0,1
0,0.222,1,0,0,0,1,0,1119,3247,0,0,0,0,1
1,0,1,0,0,0,0,3,73,6165,0,100.0,0,136.333,1
1,0,0,0,0,0,0,3,78,6236,0,100.0,0,132.333,1
1,0,0,0,0,0,0,3,71,6029,0,100.0,0,137.667,1
1,0,1,0,0,0,0,2,68,3977,0,100.0,0,160.5,1
1,0,0,0,0,0,0,2,85,6102,0,50.0,0,182.0,1
1,0.083,1,0,0,0,0,1,11,530,0,100.0,0,7.0,1
1,0,1,0,0,0,0,5,72,6159,0,60.0,0,99.4,1
1,0.222,0,0,0,0,0,9,56,6463,0,100.0,0,6.556,1
0,0.286,1,0,0,0,0,0,36,0,0,0,0,0,1
0,0.214,1,0,0,0,0,0,0,0,0,0,0,0,1
1,0.111,1,0,0,0,0,3,67,6113,0,33.333,0,181.667,1
1,0.273,2,0,0,0,0,45,343,1344,0,4.444,0,30.933,1
1,0,1,0,0,0,0,5,64,2988,0,80.0,0,62.2,1
1,0,1,0,0,0,0,2,58,2364,0,100.0,0,121.5,1
1,0,0,0,0,0,0,3,72,3526,0,66.667,0,99.333,1
0,0,0,0,0,0,0,0,1,94,0,0,0,0,1
1,0,1,0,0,0,0,2,61,3426,0,100.0,0,124.5,1
1,0.5,1,0,0,0,0,1,65,5124,0,100.0,0,76.0,1
1,0,1,0,0,0,0,2,58,3832,0,100.0,0,141.0,1
1,0.375,2,0,0,0,0,253,954,4781,1,5.0,3.5,84.5,1
1,0,1,0,0,0,0,2,68,6076,0,50.0,0,146.0,1
1,0,0,0,0,0,0,3,73,6133,0,100.0,0,128.667,1
1,0.375,1,0,0,0,0,1,209,6540,0,100.0,0,95.0,1
1,0,0,0,0,0,0,3,100,6170,0,100.0,0,127.667,1
1,0,1,0,0,0,0,4,80,6170,0,75.0,0,124.75,1
1,0,1,0,0,0,0,5,82,4500,0,40.0,0,98.0,1
1,0,1,0,0,0,0,4,73,6210,0,100.0,0,115.5,1
0,0.4,1,0,0,0,0,7,39,115,1,100.0,0.7,0.714,1
1,0.444,2,0,0,0,0,1,18,93,1,100.0,1.0,2.0,1
1,0.4,2,0,0,0,0,2,79,49,1,50.0,0.333,21.0,1
1,0,0,0,0,0,0,2,88,6162,0,100.0,0,161.0,1
1,0,1,0,0,0,0,3,60,4163,0,66.667,0,117.0,1
1,0.217,2,0,0,0,0,1,13,128,1,100.0,1.0,0.0,1
1,0.111,1,7,0,0,0,5,239,4861,0,100.0,0,16.2,1
1,0,0,0,0,0,0,2,72,6144,0,100.0,0,175.0,1
1,0,1,0,0,0,0,38,253,1488,1,25.263,0.625,85.868,1
1,0,1,0,0,0,0,3,70,4700,0,66.667,0,149.667,1
1,0,3,137,0,0,0,186,197,689,0,13.0,0,28.76,1
1,0.333,1,131,0,0,0,4,10,76,1,100.0,4.0,1.25,1
1,0,1,133,0,0,1,176,244,3081,0,27.0,0.6,8.99,1
1,0,0,0,0,0,0,3,85,6080,0,100.0,0,143.0,1
1,0,1,0,0,0,0,2,93,6218,0,100.0,0,198.0,1
1,0.133,2,39,0,0,0,159,1779,7455,1,3.0,1.0,291.94,1
1,0,1,0,0,0,0,3,71,6235,0,100.0,0,153.333,1
1,0,0,0,0,0,0,2,62,3496,0,100.0,0,148.5,1
1,0,0,0,0,0,0,5,61,3180,0,80.0,0,62.8,1
1,0,1,0,0,0,0,3,76,5838,0,100.0,0,157.333,1
1,0,1,0,0,0,0,2,74,6206,0,100.0,0,189.5,1
1,0.1,1,0,0,0,0,2,6,527,0,100.0,0,12.0,1
1,0,1,0,0,0,0,2,61,4065,0,50.0,0,152.0,1
1,0.167,2,114,0,0,0,7,546,5120,0,28.571,0,163.714,1
1,0,0,0,0,0,0,4,81,5668,0,100.0,0,105.25,1
1,0,0,0,0,0,0,6,76,5886,0,50.0,0,89.667,1
1,0.667,1,0,0,0,0,2,160,5608,0,50.0,0,48.5,1
1,0.4,2,0,0,0,0,1,2,28,1,100.0,1.0,1.0,1
1,0.222,1,0,0,0,0,1,5,180,0,100.0,0,17.0,1
1,0,0,0,0,0,0,2,97,6195,0,100.0,0,167.0,1
1,0,0,0,0,0,0,2,23,4508,0,100.0,0,184.5,1
1,0,0,0,0,0,0,2,93,6152,0,50.0,0,217.0,1
1,0,1,0,0,0,0,3,62,2287,0,100.0,0,81.667,1
0,0.273,1,0,0,0,0,0,1308,2407,0,0,0,0,1
1,0.4,1,0,0,0,0,7,121,7313,0,28.571,0,95.143,1
1,0,1,0,0,0,0,3,67,5061,0,66.667,0,177.333,1
1,0.045,4,61,0,0,0,14,141,1588,0,57.143,0,14.857,1
1,0,1,0,0,0,0,5,93,6167,0,100.0,0,147.8,1
1,0,0,0,0,0,0,3,84,6244,0,100.0,0,140.667,1
1,0.067,0,0,0,0,0,3,67,4106,0,100.0,0,108.333,1
1,0.5,2,0,0,0,0,1,9,98,1,100.0,1.0,0.0,1
1,0,4,36,0,0,0,2,4,121,0,50.0,0,7.5,1
1,0,1,0,0,0,0,3,97,6204,0,100.0,0,149.0,1
1,0.5,1,0,0,0,0,1,30,2084,0,100.0,0,63.0,1
1,0,1,0,0,0,0,2,78,6205,0,100.0,0,201.5,1
1,0,3,7,0,0,1,136,1089,216,1,6.0,0.6,38.44,1
1,0,0,2,0,0,0,0,0,8,0,0,0,0,1
1,0.091,1,0,0,0,0,7,215,6667,0,85.714,0,11.143,1
1,0,0,0,0,0,0,4,38,5404,0,75.0,0,108.75,1
1,0.182,1,0,0,0,0,7,60,203,0,71.429,0,6.143,1
1,0,1,0,0,0,0,2,73,5219,0,100.0,0,170.0,1
1,0,2,0,0,0,0,0,64,434,0,0,0,0,1
1,0.286,1,0,0,0,0,1,2,46,1,100.0,1.0,0.0,1
1,0,5,0,0,0,0,6,1433,6515,0,33.333,0,88.0,1
0,0.5,0,0,0,0,0,0,358,2020,0,0,0,0,1
1,0.4,2,0,0,0,0,20,88,823,1,30.0,2.857,4.65,1
1,0,2,0,0,0,1,110,828,3258,1,7.0,0.667,68.08,1
1,0,0,0,0,0,0,2,53,2016,0,100.0,0,82.0,1
1,0.222,2,8,0,0,0,19,19,154,1,26.316,4.75,2.0,1
1,0,1,0,0,0,0,2,50,2191,0,50.0,0,90.5,1
1,0.25,1,0,0,0,0,4,51,382,1,100.0,4.0,7.5,1
1,0,1,0,0,0,0,4,73,4623,0,75.0,0,117.75,1
1,0,0,134,1,0,0,38,378,918,0,18.421,0,228.447,1
1,0,1,0,0,0,0,2,64,4414,0,100.0,0,172.0,1
1,0,1,0,0,0,0,2,71,3379,0,100.0,0,152.5,1
1,0.278,2,85,1,0,0,620,372,620,0,21.0,0,21.46,1
1,0,0,0,0,0,0,3,72,6045,0,66.667,0,160.667,1
1,0,0,0,0,0,0,2,69,5351,0,100.0,0,226.5,1
1,0.235,1,0,0,0,0,14,160,635,0,42.857,0,62.643,1
1,0.273,2,0,0,0,0,1,21,50,1,100.0,0.5,1.0,1
1,0,1,0,0,0,0,2,50,2474,0,100.0,0,92.0,1
1,0,0,0,0,0,0,5,43,6183,0,100.0,0,100.2,1
0,0,0,0,0,0,0,0,144,838,0,0,0,0,1
0,0,0,0,0,0,0,0,68,6118,0,0,0,0,1
1,0,0,0,0,0,0,5,54,3145,0,100.0,0,80.6,1
1,0,1,0,0,0,0,6,66,2751,0,50.0,0,67.333,1
1,0.125,2,0,0,0,0,1,424,4862,0,100.0,0,436.0,1
1,0,0,0,0,0,0,4,87,5968,0,50.0,0,137.75,1
0,0,0,0,0,0,0,0,165,5944,0,0,0,0,1
1,0,1,0,0,0,0,2,75,5658,0,100.0,0,185.0,1
0,0.091,2,0,0,0,0,0,39,0,0,0,0,0,1
1,0.5,1,69,0,0,0,19,194,2035,0,52.632,0,13.211,1
1,0.25,1,0,0,0,0,1,27,956,0,100.0,0,14.0,1
1,0,3,0,0,0,0,93,542,1996,0,15.054,0,37.817,1
1,0,3,112,0,0,0,156,630,2947,0,6.0,0,40.83,1
1,0,0,0,0,0,0,2,44,6275,0,100.0,0,225.5,1
1,0,0,0,0,0,0,2,35,6096,0,100.0,0,185.0,1
1,0,0,0,0,0,0,2,86,6426,0,100.0,0,226.0,1
1,0,0,0,0,0,0,2,67,3306,0,100.0,0,124.5,1
1,0,1,0,0,0,0,2,77,6196,0,100.0,0,244.0,1
1,0,2,0,0,0,0,1,2,167,0,100.0,0,12.0,1
1,0.273,2,0,0,0,0,41,259,1810,0,4.878,0,59.561,1
1,0,0,0,0,0,0,3,55,3312,0,66.667,0,100.0,1
1,0,2,5,0,0,0,1,631,1187,0,100.0,0,142.0,1
1,0,1,0,0,0,0,5,83,6336,0,80.0,0,114.8,1
1,0,0,0,0,0,0,6,48,5226,0,66.667,0,76.5,1
0,0.125,1,0,0,0,0,0,13,536,0,0,0,0,1
1,0,5,0,0,0,0,15,51,144,0,13.333,0,6.133,1
1,0,2,138,0,0,0,62,419,1016,1,6.452,0.833,22.403,1
1,0.444,1,73,0,0,0,4,31,1229,0,50.0,0,59.0,1
1,0,1,0,0,0,0,5,105,5763,0,80.0,0,109.4,1
1,0.1,0,0,0,0,0,2,68,6190,0,100.0,0,188.0,1
1,0.4,0,0,0,0,0,0,1978,6630,0,0,0,0,1
1,0.2,1,1,0,0,0,1,879,6077,0,100.0,0,200.0,1
1,0,2,48,0,0,1,306,1167,2621,0,2.0,0,60.0,1
1,0,2,90,0,0,0,468,721,2543,1,4.0,3.667,43.98,1
1,0,1,128,0,0,0,4,19,141,0,50.0,0,27.25,1
1,0,1,119,0,0,0,20,98,6719,0,65.0,0,29.0,1
1,0,0,0,0,0,0,3,62,3684,0,66.667,0,112.333,1
1,0,0,0,0,0,0,2,69,4294,0,100.0,0,137.5,1
1,0,4,147,0,0,1,9512,4705,7499,1,15.0,50.0,4.28,1
1,0.188,2,1,0,0,0,97,721,5802,1,3.093,2.417,44.732,1
1,0,2,20,0,0,0,9,348,1770,0,22.222,0,35.778,1
1,0,1,0,0,0,0,2,64,3472,0,100.0,0,130.0,1
1,0.222,1,0,0,0,0,40,175,6439,0,55.0,0,8.125,1
1,0,0,0,0,0,0,4,75,4244,0,75.0,0,91.25,1
0,0,2,106,1,0,0,1,291,5820,0,100.0,0,696.0,1
1,0,0,0,0,0,0,3,66,3520,0,100.0,0,97.0,1
1,0,0,0,0,0,0,2,39,6295,0,100.0,0,213.0,1
1,0,0,0,0,0,0,5,90,6249,0,100.0,0,98.6,1
1,0,1,0,0,0,0,2,58,3634,0,100.0,0,157.5,1
1,0,0,0,0,0,0,4,47,2254,0,75.0,0,71.75,1
1,0,1,0,0,0,0,3,90,6167,0,100.0,0,151.0,1
1,0.333,2,22,0,0,0,7,449,1134,1,14.286,0.4,93.143,1
1,0,0,0,0,0,0,3,63,3369,0,100.0,0,113.667,1
0,0.375,0,0,0,0,0,0,2,0,0,0,0,0,1
1,0,1,0,0,0,0,3,90,6257,0,66.667,0,171.667,1
1,0,0,0,0,0,0,5,45,6089,0,60.0,0,103.6,1
0,0,0,0,0,0,0,3,217,5359,0,66.667,0,96.667,1
1,0.067,1,0,0,0,0,2,75,6194,0,100.0,0,185.5,1
1,0,1,0,0,0,0,3,93,6172,0,100.0,0,162.667,1
0,0.214,0,0,0,0,0,0,0,0,0,0,0,0,1
1,0.286,2,0,0,0,0,1,38,14,0,100.0,0,5.0,1
0,0.267,1,0,0,0,0,0,0,0,0,0,0,0,1
1,0.25,1,0,0,0,1,17,174,2747,0,29.412,0,10.294,1
1,0,1,0,0,0,0,4,61,4482,0,75.0,0,100.0,1
1,0,0,0,0,0,0,5,86,5242,0,80.0,0,81.0,1
1,0,0,0,0,0,0,3,7,718,0,100.0,0,44.333,1
1,0.167,2,0,0,0,0,17,494,1983,1,11.765,1.167,81.647,1
1,0,1,0,0,0,0,0,82,6173,0,0,0,0,1
1,0,4,0,0,0,0,45,60,156,0,4.444,0,24.489,1
1,0,0,0,0,0,0,5,61,2922,0,60.0,0,61.4,1
1,0,1,122,1,0,0,388,1666,5981,0,20.0,0,34.15,1
1,0,1,0,0,0,0,2,37,724,0,100.0,0,60.0,1
1,0.25,2,85,1,0,0,35,1307,5939,0,57.143,0,22.486,1
1,0,1,0,0,0,0,2,87,6128,0,100.0,0,189.5,1
1,0,1,0,0,0,0,3,87,6235,0,100.0,0,148.667,1
0,0,0,0,0,0,0,0,0,243,0,0,0,0,1
1,0.5,1,0,0,0,0,1,88,5142,0,100.0,0,33.0,1
1,0.067,2,150,0,0,0,9,189,558,0,11.111,0,50.0,1
1,0,1,0,0,0,0,69,369,900,1,10.145,0.5,10.435,1
0,0.455,1,34,0,0,0,1,0,26,0,100.0,0,1.0,1
1,0.25,1,4,1,0,1,99,425,3274,1,12.121,1.545,89.465,1
1,0,1,0,0,0,0,3,62,4151,0,100.0,0,114.667,1
1,0.267,2,0,0,0,0,13,62,6209,0,23.077,0,14.308,1
1,0,1,0,0,0,0,3,87,6184,0,100.0,0,142.667,1
1,0,1,0,0,0,0,2,68,6250,0,100.0,0,183.0,1
0,0.167,1,0,0,0,0,0,40,494,0,0,0,0,1
0,0.231,2,0,0,0,0,0,33,0,0,0,0,0,1
0,0.5,1,0,0,0,0,0,1,0,0,0,0,0,1
1,0,1,0,0,0,0,5,69,6071,0,60.0,0,128.2,1
1,0,1,0,0,0,0,1,136,6584,0,100.0,0,122.0,1
1,0,0,0,0,0,0,2,47,6170,0,100.0,0,155.0,1
1,0,1,3,0,0,0,24,4,29,0,20.833,0,7.792,1
1,0,1,64,0,0,0,100,415,1899,0,5.0,0,42.59,1
1,0,0,0,0,0,0,2,84,5978,0,100.0,0,187.5,1
1,0,0,0,0,0,0,3,79,6097,0,66.667,0,142.667,1
0,0.5,1,0,0,0,0,0,84,709,0,0,0,0,1
1,0.4,1,0,0,0,0,1,7,179,0,100.0,0,6.0,1
1,0,2,31,0,0,0,0,56,39,0,0,0,0,1
1,0,0,0,0,0,0,2,97,6181,0,100.0,0,182.5,1
1,0.1,1,0,0,0,0,4,87,5236,0,100.0,0,129.5,1
1,0,1,0,0,0,0,3,80,6171,0,66.667,0,139.667,1
1,0,1,0,0,0,0,17,62,255,0,11.765,0,18.588,1
0,0,2,0,0,0,0,0,339,6466,0,0,0,0,1
1,0,0,0,0,0,0,4,84,6240,0,100.0,0,119.75,1
1,0,1,3,0,0,1,1,72,4379,0,100.0,0,27.0,1
1,0,1,0,0,0,0,2,74,4072,0,50.0,0,166.0,1
1,0.111,3,48,0,0,1,0,947,4964,0,0,0,0,1
1,0,1,0,0,0,0,1,123,6501,0,100.0,0,112.0,1
1,0,2,0,0,0,0,33,262,811,1,6.061,0.4,36.515,1
1,0.3,1,0,0,0,0,1,174,169,0,100.0,0,5.0,1
0,0.538,4,0,0,0,0,0,11,478,0,0,0,0,1
1,0,1,0,0,0,0,3,60,2876,0,100.0,0,84.0,1
1,0,0,0,0,0,0,2,22,3793,0,100.0,0,136.0,1
1,0,2,137,0,0,0,67,657,747,1,1.493,0.5,122.97,1
1,0,0,0,0,0,0,2,76,6256,0,100.0,0,176.5,1
1,0,0,58,0,0,0,3,38,176,0,66.667,0,15.0,1
1,0,1,0,0,0,0,0,10,15,0,0,0,0,1
1,0,1,0,0,0,0,2,71,3314,0,100.0,0,140.0,1
1,0,1,0,0,0,0,2,64,3498,0,100.0,0,110.0,1
1,0,0,0,0,0,0,2,86,6205,0,100.0,0,180.5,1
1,0,0,0,0,0,0,0,98,655,0,0,0,0,1
1,0,6,133,0,0,1,271,1058,2051,1,10.0,3.833,89.35,1
1,0,1,0,0,0,0,2,59,3611,0,50.0,0,125.0,1
1,0,0,0,0,0,0,4,76,5997,0,75.0,0,117.5,1
1,0,1,0,0,0,0,1,134,2961,0,100.0,0,171.0,1
0,0,3,0,0,0,0,0,11,528,0,0,0,0,1
1,0,1,0,0,0,0,3,81,2993,0,100.0,0,91.333,1
1,0.444,0,0,0,0,0,0,125,2529,0,0,0,0,1
1,0,1,48,0,0,0,695,140,326,0,14.0,0,6.51,1
1,0,0,0,0,0,0,8,80,6083,0,37.5,0,83.625,1
0,0.538,4,0,0,0,0,0,7,490,0,0,0,0,1
1,0,0,0,0,0,0,5,62,2381,0,100.0,0,55.8,1
0,0.353,2,0,0,0,0,0,15,19,0,0,0,0,1
1,0.364,0,0,0,0,0,652,1074,3759,0,39.0,0,129.22,1
1,0,2,0,0,0,0,53,217,716,0,98.113,0,8.679,1
1,0,3,52,0,0,0,363,768,15,0,7.0,0,165.16,1
1,0,1,0,0,0,0,2,88,6156,0,100.0,0,205.0,1
1,0.308,1,0,0,0,0,1,74,4342,0,100.0,0,114.0,1
1,0.714,0,0,0,0,0,0,164,6818,0,0,0,0,1
1,0,0,0,0,0,0,6,79,5955,0,33.333,0,94.333,1
1,0,1,0,0,0,0,2,86,6144,0,50.0,0,170.0,1
1,0.231,1,0,0,0,0,0,206,6480,0,0,0,0,1
1,0,0,0,0,0,0,2,16,2380,0,100.0,0,92.0,1
1,0,0,0,0,0,0,2,69,3335,0,100.0,0,145.5,1
1,0,1,0,0,0,0,2,64,5320,0,100.0,0,178.5,1
1,0.263,1,0,0,0,0,24,161,641,0,45.833,0,11.125,1
1,0,1,95,0,0,0,12,2025,6583,0,83.333,0,14.417,1
1,0,0,100,0,0,1,382,246,667,1,2.0,4.0,20.93,1
1,0,1,0,0,0,0,2,71,6094,0,100.0,0,177.0,1
1,0,0,0,0,0,0,3,102,6206,0,100.0,0,141.0,1
1,0,1,0,0,0,0,3,58,1863,0,66.667,0,65.667,1
1,0,2,74,0,0,0,30,494,710,0,6.667,0,53.9,1
1,0,1,0,0,0,0,3,51,1587,0,100.0,0,80.0,1
0,0.6,4,0,0,0,0,0,10,494,0,0,0,0,1
0,0.125,1,0,0,0,0,0,5,521,0,0,0,0,1
0,0.3,1,0,0,0,0,0,0,0,0,0,0,0,1
1,0,4,78,0,0,0,867,1041,2631,0,15.0,0,274.38,1
1,0,1,0,0,0,0,2,96,5553,0,100.0,0,260.5,1
1,0,1,0,0,0,0,3,74,6151,0,66.667,0,175.0,1
1,0,1,0,0,0,0,2,71,6232,0,50.0,0,221.0,1
1,0,0,0,0,0,0,3,75,6223,0,100.0,0,149.333,1
1,0.25,1,0,0,0,0,1,16,397,0,100.0,0,14.0,1
1,0,1,0,0,0,0,0,90,6182,0,0,0,0,1
1,0,1,0,0,0,0,3,82,6114,0,100.0,0,151.333,1
1,0,1,0,0,0,0,3,48,1789,0,66.667,0,96.667,1
1,0,4,131,1,0,1,533,4909,3612,1,9.0,1.417,84.4,1
1,0,1,0,0,0,0,1,14,520,0,100.0,0,316.0,1
1,0,0,0,0,0,0,3,42,6231,0,100.0,0,164.333,1
1,0,0,0,0,0,0,0,77,4717,0,0,0,0,1
1,0.4,1,21,0,0,0,4,13,332,0,25.0,0,36.5,1
1,0,0,0,0,0,0,6,178,6996,0,66.667,0,71.667,1
1,0,0,0,0,0,0,3,91,6164,0,100.0,0,146.0,1
1,0,1,0,0,0,0,4,75,6144,0,100.0,0,107.5,1
1,0.1,1,0,0,0,0,3,53,1042,0,66.667,0,56.0,1
1,0,0,0,0,0,0,2,63,3139,0,100.0,0,113.0,1
1,0,2,0,0,0,0,55,1136,2915,1,9.091,0.25,62.745,1
1,0,1,0,0,0,0,4,44,1959,0,50.0,0,67.75,1
1,0,1,0,0,0,0,3,57,2097,0,100.0,0,96.333,1
1,0,2,82,1,0,1,563,848,7493,1,4.0,5.917,13.32,1
1,0.167,2,0,0,0,0,1,296,2636,0,100.0,0,228.0,1
1,0,1,0,0,0,0,3,73,4454,0,100.0,0,143.333,1
1,0,0,0,0,0,0,3,75,6099,0,66.667,0,145.333,1
1,0,2,0,0,0,0,0,2,1,0,0,0,0,1
1,0.077,2,0,0,0,0,1,26,136,0,100.0,0,6.0,1
1,0,0,0,0,0,0,4,58,2809,0,100.0,0,68.25,1
1,0,2,0,0,0,0,20,154,335,0,20.0,0,8.45,1
1,0,1,0,0,0,0,2,86,6286,0,100.0,0,252.0,1
0,0.308,1,0,0,0,0,0,44,1056,0,0,0,0,1
0,0.182,0,0,0,0,0,25,324,1172,0,20.0,0,35.32,1
1,0,1,24,1,0,0,1,143,6234,0,100.0,0,130.0,1
0,0,1,0,0,0,0,0,1,321,0,0,0,0,1
1,0,2,0,0,0,0,0,83,5886,0,0,0,0,1
1,0,1,0,0,0,0,2,74,4697,0,100.0,0,166.0,1
1,0,0,0,0,0,0,1,351,5760,0,100.0,0,111.0,1
1,0,1,0,0,0,0,2,73,3975,0,50.0,0,174.5,1
1,0.308,1,0,0,0,0,1,19,559,0,100.0,0,21.0,1
1,0,1,0,0,0,0,2,77,5792,0,100.0,0,195.5,1
1,0.111,1,80,0,0,0,0,35,668,0,0,0,0,1
1,0,1,0,0,0,0,7,98,4968,0,28.571,0,86.0,1
1,0.091,1,0,0,0,0,22,90,6422,0,100.0,0,3.409,1
1,0,1,0,0,0,0,5,82,6055,0,40.0,0,113.4,1
1,0,1,0,0,0,0,2,51,2960,0,100.0,0,121.5,1
0,0.267,1,0,0,0,0,0,14,12,0,0,0,0,1
0,0.083,1,0,0,0,0,0,40,20,0,0,0,0,1
0,0.267,1,0,0,0,1,0,0,0,0,0,0,0,1
1,0.2,0,0,0,0,0,0,6,0,0,0,0,0,1
0,0.5,4,0,0,0,0,0,15,495,0,0,0,0,1
1,0.5,1,0,0,0,0,1,61,6143,0,100.0,0,59.0,1
1,0,1,0,0,0,0,2,92,6164,0,100.0,0,191.5,1
1,0,1,0,0,0,0,3,100,6186,0,100.0,0,152.333,1
1,0,1,0,0,0,0,3,67,4229,0,100.0,0,119.0,1
1,0,0,0,0,0,0,2,93,6137,0,100.0,0,170.0,1
1,0,1,0,0,0,0,3,95,6265,0,66.667,0,154.333,1
1,0,1,0,0,0,0,4,74,6189,0,100.0,0,148.25,1
1,0.222,1,0,0,0,0,135,201,1393,0,8.0,0,12.46,1
1,0,1,0,0,0,0,2,97,6252,0,100.0,0,215.5,1
1,0.444,2,28,0,0,0,19,663,2440,0,10.526,0,32.789,1
1,0,2,59,0,0,1,1549,151,271,0,18.0,0.833,7.03,1
1,0,1,0,0,0,0,3,65,5328,0,100.0,0,110.333,1
1,0,0,0,0,0,0,2,81,6227,0,100.0,0,207.0,1
1,0,1,0,0,0,0,4,63,5232,0,100.0,0,134.75,1
0,0.235,0,0,0,0,0,0,16,471,0,0,0,0,1
0,0.25,2,0,0,0,0,0,8,0,0,0,0,0,1
0,0,2,12,0,0,0,0,17,533,0,0,0,0,1
1,0,1,0,0,0,0,3,80,6172,0,100.0,0,156.0,1
1,0,0,0,0,0,0,1,51,673,0,100.0,0,103.0,1
1,0,1,0,0,0,0,2,101,6191,0,100.0,0,206.0,1
1,0.091,2,0,0,0,0,59,545,2446,0,16.949,0,19.068,1
1,0,1,6,0,0,0,17,10,25,0,29.412,0,12.412,1
1,0.143,1,0,0,0,0,18,490,6568,0,16.667,0,139.611,1
1,0,1,0,0,0,0,4,90,5984,0,100.0,0,160.5,1
1,0,1,0,0,0,0,3,81,6283,0,100.0,0,164.667,1
1,0,2,0,0,0,0,5,15,289,0,20.0,0,9.0,1
1,0,1,136,0,0,1,297,1450,5684,1,4.0,1.2,29.54,1
1,0.176,1,0,0,0,0,1,57,3052,0,100.0,0,50.0,1
1,0.231,1,149,1,0,0,27,129,3053,0,37.037,0,48.852,1
1,0,1,41,0,0,0,1,243,761,0,100.0,0,40.0,1
1,0,0,0,0,0,0,5,16,536,0,100.0,0,1.8,1
1,0,0,0,0,0,0,2,52,6138,0,50.0,0,168.5,1
1,0,1,0,0,0,0,3,82,4580,0,100.0,0,128.667,1
1,0,0,78,0,0,0,11,300,830,0,27.273,0,39.0,1
1,0.3,1,4,0,0,0,7,5,22,0,42.857,0,0.286,1
1,0,1,0,0,0,0,4,64,5242,0,75.0,0,136.25,1
1,0,1,0,0,0,0,2,87,5432,0,50.0,0,179.5,1
1,0,1,0,0,0,0,1,25,1224,0,100.0,0,39.0,1
1,0.143,2,0,0,0,0,1,331,3087,0,100.0,0,237.0,1
0,0,0,0,0,0,0,0,2,224,0,0,0,0,1
1,0,1,0,0,0,0,3,81,6103,0,100.0,0,158.333,1
0,0,1,46,0,0,0,0,46,259,0,0,0,0,1
0,0.444,2,0,0,0,0,0,2,14,0,0,0,0,1
0,0.375,0,0,0,0,0,0,14,26,0,0,0,0,1
0,0,2,0,0,0,0,0,30,75,0,0,0,0,1
0,0,0,0,0,0,0,0,224,72,0,0,0,0,1
0,0,3,11,0,0,0,0,5,149,0,0,0,0,1
0,0.2,0,0,0,0,0,0,0,22,0,0,0,0,1
1,0,1,0,0,0,0,23,14,142,1,73.913,23.0,1.565,1
1,0.1,0,0,0,0,0,5,520,5314,0,20.0,0,116.2,1
1,0.143,1,0,0,0,0,0,89,11,0,0,0,0,1
1,0,1,24,0,0,0,0,42,505,0,0,0,0,1
0,0,1,0,0,0,0,0,94,886,0,0,0,0,1
0,0,1,0,0,0,0,0,113,1392,0,0,0,0,1
0,0,0,20,0,0,1,0,127,292,0,0,0,0,1
0,0.364,0,0,0,0,0,0,11,15,0,0,0,0,1
1,0,1,0,0,0,0,0,44,322,0,0,0,0,1
1,0.364,0,0,0,0,0,0,0,3,0,0,0,0,1
0,0,1,0,0,0,0,0,34,332,0,0,0,0,1
1,0,0,0,0,0,0,0,1,14,0,0,0,0,1
0,0,2,0,0,0,0,0,0,48,0,0,0,0,1
1,0,2,130,0,0,0,34,135,501,0,29.412,0,16.118,1
0,0.091,1,0,0,0,0,0,3,18,0,0,0,0,1
1,0,4,26,0,0,0,50,1144,2733,0,74.0,0,42.62,1
0,0,1,0,0,0,0,0,1,952,0,0,0,0,1
0,0.455,2,0,0,0,0,0,0,48,0,0,0,0,1
1,0.133,1,12,0,0,0,0,296,290,0,0,0,0,1
0,0,2,0,0,0,0,0,13,73,0,0,0,0,1
1,0,4,31,0,0,0,34,2756,5757,0,5.882,0,218.294,1
0,0,0,0,0,0,0,0,3,40,0,0,0,0,1
0,0,1,0,0,0,0,0,0,64,0,0,0,0,1
1,0,1,130,0,0,0,57,427,703,0,7.018,0,56.333,1
1,0,0,6,0,0,0,6,9,22,0,100.0,0,4.333,1
1,0,1,39,0,0,0,193,156,320,0,8.0,0,34.25,1
0,0,0,0,0,0,0,0,38,627,0,0,0,0,1
1,0.308,1,0,0,0,0,0,49,83,0,0,0,0,1
0,0,2,0,0,0,0,0,49,247,0,0,0,0,1
1,0.2,1,26,0,0,0,5,91,56,1,100.0,5.0,11.8,1
0,0.222,1,53,0,0,0,0,0,10,0,0,0,0,1
0,0.091,1,0,0,0,0,0,0,17,0,0,0,0,1
1,0.062,0,0,0,0,0,0,38,59,0,0,0,0,1
1,0,0,0,0,0,0,9,6,151,0,44.444,0,3.889,1
1,0.556,0,0,0,0,0,0,12,39,0,0,0,0,1
0,0.444,0,0,0,0,0,0,0,42,0,0,0,0,1
0,0,1,0,0,0,0,0,195,497,0,0,0,0,1
0,0.364,0,0,0,0,0,0,14,32,0,0,0,0,1
0,0.059,0,0,0,0,0,0,13,38,0,0,0,0,1
1,0.571,2,0,0,0,0,0,29,37,0,0,0,0,1
1,0,2,0,0,0,0,0,321,1770,0,0,0,0,1
0,0,1,0,0,0,0,0,41,497,0,0,0,0,1
1,0.04,5,144,0,0,0,118,205,515,0,11.0,0,11.72,1
0,0.1,1,0,0,0,0,0,0,20,0,0,0,0,1
0,0,0,0,0,0,0,0,13,45,0,0,0,0,1
0,0.118,2,0,0,0,0,0,13,18,0,0,0,0,1
1,0.4,1,0,0,0,0,0,16,23,0,0,0,0,1
0,0,2,0,0,0,0,0,160,538,0,0,0,0,1
0,0.143,2,0,0,0,0,1,3,5,1,100.0,0.5,0.0,1
0,0,0,0,0,0,0,0,17,124,0,0,0,0,1
0,0.455,1,0,0,0,0,0,0,5,0,0,0,0,1
1,0.2,2,0,0,0,0,0,23,67,0,0,0,0,1
0,0,2,0,0,0,0,0,3,3,0,0,0,0,1
1,0.444,1,0,0,0,0,13,388,1274,0,15.385,0,66.077,1
1,0.167,2,0,0,0,0,0,138,0,0,0,0,0,1
1,0.273,0,0,0,0,0,0,17,71,0,0,0,0,1
1,0.133,1,111,0,0,0,0,568,7388,0,0,0,0,1
1,0.25,1,0,0,0,0,4,10,48,0,100.0,0.364,0.25,1
1,0,2,70,0,0,0,3,111,1428,1,66.667,1.5,0.667,1
1,0,1,0,0,0,0,0,67,795,0,0,0,0,1
1,0,0,115,0,0,0,2,213,718,1,50.0,0.333,11.0,1
0,0,2,0,0,0,0,0,10,171,0,0,0,0,1
1,0,2,0,0,0,0,1,44,385,0,100.0,0.083,11.0,1
1,0,1,0,0,0,0,1,133,6606,0,100.0,0,66.0,1
1,0.545,1,0,0,0,0,4,86,6444,0,100.0,0,25.0,1
0,0.2,1,0,0,0,0,0,63,3082,0,0,0,0,1
1,0.5,4,56,0,0,0,5,146,6466,0,60.0,0,49.8,1
0,0.133,1,95,0,0,1,4,99,2958,0,50.0,0,20.5,1
1,0.308,2,0,0,0,0,1,70,5537,0,100.0,0,68.0,1
1,0,2,0,0,0,0,5,253,1895,0,80.0,0,123.2,1
1,0.067,0,0,0,0,0,1,137,6417,0,100.0,0,34.0,1
0,0,1,0,0,0,0,0,44,3995,0,0,0,0,1
0,0,2,0,0,0,0,0,113,6572,0,0,0,0,1
1,0,3,27,0,0,0,1,141,6432,0,100.0,0,131.0,1
1,0.545,1,0,0,0,0,3,213,1945,0,66.667,0,515.0,1
1,0.083,3,0,0,0,0,5,3013,6694,0,20.0,0,752.6,1
1,0.667,2,0,0,0,0,26,282,7392,1,15.385,1.333,7.692,1
0,0,1,0,0,0,0,0,1,193,0,0,0,0,1
0,0,0,0,0,0,0,2,122,4538,0,50.0,0.167,10.5,1
1,0.308,1,0,0,0,0,0,87,4609,0,0,0,0,1
1,0,3,75,0,0,0,1,103,159,0,100.0,0,0.0,1
1,0,1,0,0,0,0,0,88,322,0,0,0,0,1
0,0,1,0,0,0,0,0,929,1315,0,0,0,0,1
1,0,3,91,0,0,0,4,230,2239,0,50.0,0,14.0,1
